Material ID,Packaging Type,Material Type,Suitable Product Categories,Recommended Packaging Use Cases,Supplier Region,Recyclability (%),Recyclability Category,Recycled Content (%),Reusability (%),Biodegradation Time (days),End-of-Life Disposal (%),Carbon Footprint (kg CO2/unit),CO2 Emission per kg (estimated),Waste Reduction Impact (%),Sustainability Target Progress (%),Load Handling Score,Moisture Resistance Score,Thermal Resistance Score,Cost per Unit (USD),Annual Usage (units),Total Material Weight (tons),Supplier Sustainability Compliance (%)
MAT_0001,Cardboard Boxes,Cardboard,"E-commerce, Food & Beverage, Consumer Goods, Apparel",Last-mile delivery and primary e-commerce packaging,EMEA,98,High,79.0,49.0,188.0,5.0,0.78,0.54,61.0,88.0,6.0,5.0,4.0,2.24,101260.0,790.0,85.0
MAT_0002,Protective Fillers (Paper/Biodegradable),Paper/Bio-Based,"Fragile Items, Cosmetics, Pharmaceuticals, Internal Component Protection",Void-fill and cushioning for fragile products,APAC,100,High,93.0,31.0,65.0,2.0,0.52,0.32,68.0,98.0,3.0,3.0,3.0,1.82,73961.0,545.0,88.0
MAT_0003,Steel Racks & Containers,Steel,"Heavy Industrial Components, High-Security Goods","Secure, high-load international shipping and long-term storage",AMERICAS,87,High,78.0,100.0,180208.0,8.0,3.67,3.25,85.0,79.0,8.0,9.0,9.0,25.0,14649.0,4979.0,88.0
MAT_0004,Protective Fillers (Paper/Biodegradable),Paper/Bio-Based,"Fragile Items, Cosmetics, Pharmaceuticals, Internal Component Protection",Void-fill and cushioning for fragile products,ROW,100,High,89.0,31.0,65.0,3.0,0.48,0.31,69.0,87.0,1.0,1.0,4.0,2.43,75036.0,656.0,81.0
MAT_0005,Protective Fillers (Paper/Biodegradable),Paper/Bio-Based,"Fragile Items, Cosmetics, Pharmaceuticals, Internal Component Protection",Void-fill and cushioning for fragile products,LATAM,100,High,92.0,28.0,122.0,3.0,0.41,0.31,61.0,89.0,3.0,2.0,3.0,1.69,69209.0,549.0,81.0
MAT_0006,Foldable & Stackable Containers,Plastic,"Electronics, Medium-Value Goods, Retail Logistics",Cross-docking and returnable packaging programs,APAC,85,Medium,38.0,87.0,52407.0,12.0,1.01,1.41,78.0,81.0,8.0,8.0,6.0,12.45,56902.0,1222.0,97.0
MAT_0007,Steel Racks & Containers,Steel,"Heavy Industrial Components, High-Security Goods","Secure, high-load international shipping and long-term storage",ROW,91,High,75.0,93.0,147359.0,8.0,3.43,3.01,84.0,83.0,8.0,10.0,8.0,25.48,23428.0,5016.0,94.0
MAT_0008,Steel Racks & Containers,Steel,"Heavy Industrial Components, High-Security Goods","Secure, high-load international shipping and long-term storage",EU,96,High,75.0,96.0,161066.0,7.0,3.64,3.2,84.0,72.0,8.0,10.0,9.0,25.61,21463.0,4932.0,88.0
MAT_0009,Steel Racks & Containers,Steel,"Heavy Industrial Components, High-Security Goods","Secure, high-load international shipping and long-term storage",EMEA,94,High,66.0,91.0,115102.0,8.0,3.59,3.0,86.0,76.0,8.0,10.0,8.0,25.17,22087.0,4952.0,87.0
MAT_0010,Protective Fillers (Paper/Biodegradable),Paper/Bio-Based,"Fragile Items, Cosmetics, Pharmaceuticals, Internal Component Protection",Void-fill and cushioning for fragile products,LATAM,94,High,90.0,34.0,31.0,3.0,0.42,0.29,63.0,92.0,1.0,1.0,3.0,2.29,72042.0,549.0,79.0
MAT_0011,Cardboard Boxes,Cardboard,"E-commerce, Food & Beverage, Consumer Goods, Apparel",Last-mile delivery and primary e-commerce packaging,LATAM,100,High,83.0,50.0,196.0,6.0,0.66,0.54,65.0,92.0,5.0,5.0,4.0,3.48,96598.0,746.0,92.0
MAT_0012,Steel Racks & Containers,Steel,"Heavy Industrial Components, High-Security Goods","Secure, high-load international shipping and long-term storage",APAC,87,High,70.0,97.0,75709.0,7.0,3.45,3.23,85.0,76.0,8.0,9.0,8.0,24.43,23521.0,5092.0,88.0
MAT_0013,Bubble Wrap (Minimal Use),Plastic,"Low-Value Goods, Secondary Protection for Non-Fragile Items",Surface protection during transit; minimal void-fill,APAC,76,Medium,30.0,7.0,70881.0,25.0,2.03,1.59,25.0,56.0,7.0,9.0,6.0,0.9,32265.0,164.0,68.0
MAT_0014,Protective Fillers (Paper/Biodegradable),Paper/Bio-Based,"Fragile Items, Cosmetics, Pharmaceuticals, Internal Component Protection",Void-fill and cushioning for fragile products,EMEA,100,High,85.0,33.0,145.0,3.0,0.46,0.33,70.0,93.0,3.0,3.0,4.0,2.34,74773.0,548.0,80.0
MAT_0015,Foldable & Stackable Containers,Plastic,"Electronics, Medium-Value Goods, Retail Logistics",Cross-docking and returnable packaging programs,AMERICAS,87,Medium,41.0,82.0,73043.0,13.0,1.03,1.58,77.0,81.0,8.0,9.0,6.0,12.56,57353.0,1271.0,91.0
MAT_0016,Cardboard Boxes,Cardboard,"E-commerce, Food & Beverage, Consumer Goods, Apparel",Last-mile delivery and primary e-commerce packaging,EU,93,High,84.0,47.0,355.0,5.0,0.77,0.49,61.0,90.0,5.0,5.0,3.0,3.05,102073.0,901.0,91.0
MAT_0017,Bubble Wrap (Minimal Use),Plastic,"Low-Value Goods, Secondary Protection for Non-Fragile Items",Surface protection during transit; minimal void-fill,ROW,71,Medium,30.0,9.0,72362.0,25.0,1.98,1.39,28.0,58.0,8.0,7.0,8.0,1.07,30307.0,277.0,73.0
MAT_0018,Bubble Wrap (Minimal Use),Plastic,"Low-Value Goods, Secondary Protection for Non-Fragile Items",Surface protection during transit; minimal void-fill,EMEA,62,Medium,27.0,12.0,38310.0,26.0,1.91,1.46,32.0,66.0,7.0,9.0,8.0,1.49,27635.0,268.0,76.0
MAT_0019,Foldable & Stackable Containers,Plastic,"Electronics, Medium-Value Goods, Retail Logistics",Cross-docking and returnable packaging programs,LATAM,86,Medium,41.0,94.0,58200.0,12.0,0.95,1.47,70.0,78.0,8.0,9.0,6.0,12.14,59878.0,1046.0,87.0
MAT_0020,Cardboard Boxes,Cardboard,"E-commerce, Food & Beverage, Consumer Goods, Apparel",Last-mile delivery and primary e-commerce packaging,LATAM,92,High,78.0,53.0,218.0,6.0,0.79,0.53,56.0,88.0,5.0,4.0,5.0,3.44,98966.0,991.0,83.0
MAT_0021,Protective Fillers (Paper/Biodegradable),Paper/Bio-Based,"Fragile Items, Cosmetics, Pharmaceuticals, Internal Component Protection",Void-fill and cushioning for fragile products,EU,100,High,94.0,34.0,62.0,3.0,0.47,0.33,69.0,100.0,3.0,1.0,4.0,1.76,71711.0,667.0,76.0
MAT_0022,Plastic Totes & Pallets,Plastic,"Industrial Components, Heavy Machinery, Automotive Parts",Closed-loop logistics and bulk material handling,APAC,94,Medium,56.0,90.0,36417.0,10.0,1.15,1.36,77.0,85.0,8.0,9.0,7.0,14.36,45723.0,1029.0,93.0
MAT_0023,Cardboard Boxes,Cardboard,"E-commerce, Food & Beverage, Consumer Goods, Apparel",Last-mile delivery and primary e-commerce packaging,AMERICAS,90,High,75.0,44.0,211.0,5.0,0.76,0.47,62.0,89.0,4.0,5.0,3.0,3.77,98647.0,753.0,93.0
MAT_0024,Foldable & Stackable Containers,Plastic,"Electronics, Medium-Value Goods, Retail Logistics",Cross-docking and returnable packaging programs,EMEA,88,Medium,34.0,89.0,15440.0,13.0,1.07,1.35,74.0,84.0,8.0,7.0,7.0,12.18,63839.0,1020.0,91.0
MAT_0025,Bubble Wrap (Minimal Use),Plastic,"Low-Value Goods, Secondary Protection for Non-Fragile Items",Surface protection during transit; minimal void-fill,AMERICAS,63,Medium,24.0,16.0,53377.0,24.0,1.98,1.61,31.0,59.0,7.0,9.0,8.0,1.07,31171.0,145.0,63.0
MAT_0026,Protective Fillers (Paper/Biodegradable),Paper/Bio-Based,"Fragile Items, Cosmetics, Pharmaceuticals, Internal Component Protection",Void-fill and cushioning for fragile products,AMERICAS,100,High,89.0,31.0,81.0,3.0,0.57,0.3,66.0,99.0,3.0,2.0,3.0,2.74,75019.0,595.0,86.0
MAT_0027,Cardboard Boxes,Cardboard,"E-commerce, Food & Beverage, Consumer Goods, Apparel",Last-mile delivery and primary e-commerce packaging,APAC,100,High,79.0,50.0,96.0,4.0,0.8,0.49,55.0,83.0,6.0,4.0,3.0,3.14,98658.0,722.0,85.0
MAT_0028,Plastic Totes & Pallets,Plastic,"Industrial Components, Heavy Machinery, Automotive Parts",Closed-loop logistics and bulk material handling,EU,92,Medium,48.0,99.0,42997.0,10.0,1.22,1.52,80.0,82.0,9.0,7.0,7.0,14.94,48860.0,978.0,86.0
MAT_0029,Plastic Totes & Pallets,Plastic,"Industrial Components, Heavy Machinery, Automotive Parts",Closed-loop logistics and bulk material handling,LATAM,91,Medium,47.0,97.0,33532.0,10.0,1.04,1.55,79.0,91.0,8.0,7.0,7.0,14.4,51174.0,959.0,97.0
MAT_0030,Steel Racks & Containers,Steel,"Heavy Industrial Components, High-Security Goods","Secure, high-load international shipping and long-term storage",EMEA,100,High,69.0,96.0,63481.0,8.0,3.49,2.71,85.0,73.0,9.0,9.0,10.0,25.65,24816.0,5014.0,88.0
MAT_0031,Steel Racks & Containers,Steel,"Heavy Industrial Components, High-Security Goods","Secure, high-load international shipping and long-term storage",EU,98,High,70.0,100.0,134415.0,9.0,3.43,2.98,84.0,72.0,8.0,9.0,9.0,25.95,19847.0,4946.0,92.0
MAT_0032,Foldable & Stackable Containers,Plastic,"Electronics, Medium-Value Goods, Retail Logistics",Cross-docking and returnable packaging programs,ROW,90,Medium,41.0,88.0,40345.0,13.0,0.86,1.38,75.0,79.0,7.0,9.0,7.0,11.82,61482.0,1158.0,98.0
MAT_0033,Cardboard Boxes,Cardboard,"E-commerce, Food & Beverage, Consumer Goods, Apparel",Last-mile delivery and primary e-commerce packaging,AMERICAS,94,High,78.0,45.0,265.0,5.0,0.79,0.49,64.0,95.0,6.0,3.0,3.0,2.66,100071.0,782.0,90.0
MAT_0034,Cardboard Boxes,Cardboard,"E-commerce, Food & Beverage, Consumer Goods, Apparel",Last-mile delivery and primary e-commerce packaging,AMERICAS,99,High,80.0,51.0,192.0,6.0,0.77,0.52,61.0,87.0,5.0,3.0,5.0,2.83,96726.0,713.0,92.0
MAT_0035,Bubble Wrap (Minimal Use),Plastic,"Low-Value Goods, Secondary Protection for Non-Fragile Items",Surface protection during transit; minimal void-fill,AMERICAS,70,Medium,21.0,10.0,49088.0,24.0,1.98,1.37,27.0,62.0,8.0,9.0,8.0,1.27,29882.0,224.0,66.0
MAT_0036,Bubble Wrap (Minimal Use),Plastic,"Low-Value Goods, Secondary Protection for Non-Fragile Items",Surface protection during transit; minimal void-fill,ROW,66,Medium,33.0,13.0,93365.0,25.0,1.95,1.64,32.0,54.0,8.0,8.0,8.0,2.18,28979.0,309.0,72.0
MAT_0037,Bubble Wrap (Minimal Use),Plastic,"Low-Value Goods, Secondary Protection for Non-Fragile Items",Surface protection during transit; minimal void-fill,APAC,55,Medium,26.0,12.0,89889.0,25.0,1.91,1.45,32.0,61.0,9.0,9.0,7.0,1.21,29800.0,153.0,70.0
MAT_0038,Steel Racks & Containers,Steel,"Heavy Industrial Components, High-Security Goods","Secure, high-load international shipping and long-term storage",EU,97,High,73.0,98.0,72041.0,8.0,3.51,2.92,89.0,72.0,9.0,9.0,9.0,24.34,23233.0,4984.0,86.0
MAT_0039,Cardboard Boxes,Cardboard,"E-commerce, Food & Beverage, Consumer Goods, Apparel",Last-mile delivery and primary e-commerce packaging,AMERICAS,100,High,76.0,51.0,256.0,5.0,0.92,0.55,59.0,96.0,4.0,5.0,5.0,3.31,102546.0,957.0,83.0
MAT_0040,Cardboard Boxes,Cardboard,"E-commerce, Food & Beverage, Consumer Goods, Apparel",Last-mile delivery and primary e-commerce packaging,EU,100,High,80.0,50.0,352.0,5.0,0.77,0.49,65.0,91.0,4.0,5.0,3.0,2.59,97310.0,846.0,86.0
MAT_0041,Plastic Totes & Pallets,Plastic,"Industrial Components, Heavy Machinery, Automotive Parts",Closed-loop logistics and bulk material handling,APAC,86,Medium,49.0,95.0,13499.0,10.0,1.07,1.39,81.0,88.0,7.0,7.0,7.0,14.96,50168.0,1012.0,97.0
MAT_0042,Steel Racks & Containers,Steel,"Heavy Industrial Components, High-Security Goods","Secure, high-load international shipping and long-term storage",APAC,93,High,68.0,100.0,65795.0,9.0,3.48,2.85,88.0,79.0,9.0,10.0,10.0,24.67,20183.0,4942.0,80.0
MAT_0043,Protective Fillers (Paper/Biodegradable),Paper/Bio-Based,"Fragile Items, Cosmetics, Pharmaceuticals, Internal Component Protection",Void-fill and cushioning for fragile products,EU,100,High,91.0,33.0,157.0,2.0,0.62,0.31,63.0,91.0,1.0,3.0,2.0,1.75,71864.0,550.0,75.0
MAT_0044,Steel Racks & Containers,Steel,"Heavy Industrial Components, High-Security Goods","Secure, high-load international shipping and long-term storage",EU,89,High,70.0,97.0,169695.0,8.0,3.65,2.97,83.0,71.0,9.0,9.0,10.0,24.23,19011.0,5005.0,85.0
MAT_0045,Protective Fillers (Paper/Biodegradable),Paper/Bio-Based,"Fragile Items, Cosmetics, Pharmaceuticals, Internal Component Protection",Void-fill and cushioning for fragile products,EMEA,100,High,84.0,32.0,104.0,2.0,0.49,0.31,69.0,95.0,2.0,1.0,3.0,1.83,78051.0,715.0,84.0
MAT_0046,Plastic Totes & Pallets,Plastic,"Industrial Components, Heavy Machinery, Automotive Parts",Closed-loop logistics and bulk material handling,ROW,84,Medium,50.0,95.0,16331.0,10.0,1.24,1.5,78.0,90.0,7.0,8.0,8.0,14.57,51901.0,1113.0,95.0
MAT_0047,Foldable & Stackable Containers,Plastic,"Electronics, Medium-Value Goods, Retail Logistics",Cross-docking and returnable packaging programs,EMEA,80,Medium,42.0,91.0,98971.0,12.0,0.89,1.41,77.0,91.0,8.0,8.0,8.0,11.76,60578.0,1249.0,93.0
MAT_0048,Cardboard Boxes,Cardboard,"E-commerce, Food & Beverage, Consumer Goods, Apparel",Last-mile delivery and primary e-commerce packaging,EMEA,100,High,76.0,52.0,90.0,5.0,0.86,0.49,58.0,85.0,4.0,4.0,4.0,3.23,96300.0,867.0,89.0
MAT_0049,Plastic Totes & Pallets,Plastic,"Industrial Components, Heavy Machinery, Automotive Parts",Closed-loop logistics and bulk material handling,EMEA,88,Medium,51.0,94.0,64030.0,10.0,1.19,1.44,75.0,82.0,9.0,9.0,7.0,14.48,51009.0,930.0,96.0
MAT_0050,Cardboard Boxes,Cardboard,"E-commerce, Food & Beverage, Consumer Goods, Apparel",Last-mile delivery and primary e-commerce packaging,ROW,93,High,77.0,49.0,298.0,5.0,0.94,0.49,51.0,88.0,5.0,5.0,3.0,2.68,99951.0,850.0,93.0
MAT_0051,Bubble Wrap (Minimal Use),Plastic,"Low-Value Goods, Secondary Protection for Non-Fragile Items",Surface protection during transit; minimal void-fill,LATAM,78,Medium,24.0,10.0,64044.0,25.0,2.14,1.44,32.0,60.0,9.0,9.0,8.0,1.18,27055.0,315.0,72.0
MAT_0052,Foldable & Stackable Containers,Plastic,"Electronics, Medium-Value Goods, Retail Logistics",Cross-docking and returnable packaging programs,APAC,81,Medium,36.0,89.0,69350.0,13.0,1.01,1.56,79.0,83.0,9.0,9.0,7.0,11.28,62593.0,1284.0,90.0
MAT_0053,Foldable & Stackable Containers,Plastic,"Electronics, Medium-Value Goods, Retail Logistics",Cross-docking and returnable packaging programs,EMEA,79,Medium,41.0,89.0,70484.0,12.0,0.92,1.47,72.0,87.0,9.0,8.0,8.0,11.84,60648.0,1209.0,96.0
MAT_0054,Plastic Totes & Pallets,Plastic,"Industrial Components, Heavy Machinery, Automotive Parts",Closed-loop logistics and bulk material handling,APAC,87,Medium,49.0,94.0,89963.0,10.0,1.19,1.61,80.0,91.0,9.0,7.0,6.0,15.15,52117.0,941.0,100.0
MAT_0055,Foldable & Stackable Containers,Plastic,"Electronics, Medium-Value Goods, Retail Logistics",Cross-docking and returnable packaging programs,ROW,80,Medium,40.0,90.0,53148.0,12.0,0.96,1.6,75.0,82.0,7.0,9.0,7.0,12.2,55738.0,1079.0,88.0
MAT_0056,Protective Fillers (Paper/Biodegradable),Paper/Bio-Based,"Fragile Items, Cosmetics, Pharmaceuticals, Internal Component Protection",Void-fill and cushioning for fragile products,APAC,100,High,87.0,30.0,176.0,4.0,0.47,0.29,70.0,100.0,1.0,2.0,2.0,2.61,71749.0,572.0,80.0
MAT_0057,Foldable & Stackable Containers,Plastic,"Electronics, Medium-Value Goods, Retail Logistics",Cross-docking and returnable packaging programs,EMEA,80,Medium,42.0,95.0,66060.0,12.0,0.99,1.46,74.0,76.0,8.0,8.0,8.0,11.73,60393.0,1187.0,94.0
MAT_0058,Cardboard Boxes,Cardboard,"E-commerce, Food & Beverage, Consumer Goods, Apparel",Last-mile delivery and primary e-commerce packaging,ROW,100,High,78.0,50.0,115.0,5.0,0.77,0.52,63.0,91.0,5.0,5.0,5.0,2.8,97679.0,977.0,83.0
MAT_0059,Cardboard Boxes,Cardboard,"E-commerce, Food & Beverage, Consumer Goods, Apparel",Last-mile delivery and primary e-commerce packaging,APAC,95,High,81.0,46.0,148.0,5.0,0.84,0.53,57.0,89.0,5.0,5.0,5.0,2.91,104546.0,659.0,85.0
MAT_0060,Cardboard Boxes,Cardboard,"E-commerce, Food & Beverage, Consumer Goods, Apparel",Last-mile delivery and primary e-commerce packaging,LATAM,100,High,78.0,50.0,218.0,6.0,0.74,0.54,61.0,88.0,4.0,4.0,5.0,2.95,100824.0,950.0,90.0
MAT_0061,Cardboard Boxes,Cardboard,"E-commerce, Food & Beverage, Consumer Goods, Apparel",Last-mile delivery and primary e-commerce packaging,EU,96,High,81.0,49.0,287.0,6.0,0.92,0.53,65.0,89.0,6.0,4.0,4.0,3.62,101365.0,795.0,81.0
MAT_0062,Protective Fillers (Paper/Biodegradable),Paper/Bio-Based,"Fragile Items, Cosmetics, Pharmaceuticals, Internal Component Protection",Void-fill and cushioning for fragile products,LATAM,95,High,84.0,27.0,44.0,3.0,0.31,0.28,69.0,100.0,2.0,2.0,4.0,1.63,75514.0,693.0,86.0
MAT_0063,Steel Racks & Containers,Steel,"Heavy Industrial Components, High-Security Goods","Secure, high-load international shipping and long-term storage",APAC,81,High,70.0,93.0,180125.0,8.0,3.58,2.92,89.0,71.0,9.0,9.0,10.0,25.34,19288.0,5034.0,92.0
MAT_0064,Bubble Wrap (Minimal Use),Plastic,"Low-Value Goods, Secondary Protection for Non-Fragile Items",Surface protection during transit; minimal void-fill,EMEA,69,Medium,31.0,10.0,17015.0,26.0,2.04,1.57,31.0,63.0,8.0,7.0,8.0,0.21,28810.0,200.0,72.0
MAT_0065,Plastic Totes & Pallets,Plastic,"Industrial Components, Heavy Machinery, Automotive Parts",Closed-loop logistics and bulk material handling,EMEA,80,Medium,51.0,100.0,40031.0,10.0,1.1,1.57,82.0,83.0,9.0,7.0,8.0,14.59,44696.0,1041.0,98.0
MAT_0066,Cardboard Boxes,Cardboard,"E-commerce, Food & Beverage, Consumer Goods, Apparel",Last-mile delivery and primary e-commerce packaging,ROW,100,High,75.0,50.0,283.0,5.0,0.77,0.55,64.0,92.0,6.0,3.0,5.0,3.23,102764.0,808.0,83.0
MAT_0067,Foldable & Stackable Containers,Plastic,"Electronics, Medium-Value Goods, Retail Logistics",Cross-docking and returnable packaging programs,ROW,84,Medium,42.0,89.0,50911.0,11.0,0.99,1.54,75.0,82.0,8.0,9.0,6.0,11.34,60692.0,1224.0,90.0
MAT_0068,Cardboard Boxes,Cardboard,"E-commerce, Food & Beverage, Consumer Goods, Apparel",Last-mile delivery and primary e-commerce packaging,EMEA,97,High,84.0,54.0,168.0,5.0,0.86,0.48,63.0,96.0,6.0,5.0,5.0,2.69,102623.0,782.0,78.0
MAT_0069,Foldable & Stackable Containers,Plastic,"Electronics, Medium-Value Goods, Retail Logistics",Cross-docking and returnable packaging programs,EMEA,82,Medium,39.0,83.0,21746.0,12.0,0.9,1.55,76.0,77.0,9.0,8.0,7.0,12.73,59483.0,1150.0,82.0
MAT_0070,Bubble Wrap (Minimal Use),Plastic,"Low-Value Goods, Secondary Protection for Non-Fragile Items",Surface protection during transit; minimal void-fill,AMERICAS,73,Medium,32.0,13.0,52824.0,25.0,1.94,1.62,35.0,56.0,9.0,9.0,6.0,2.02,27583.0,373.0,69.0
MAT_0071,Bubble Wrap (Minimal Use),Plastic,"Low-Value Goods, Secondary Protection for Non-Fragile Items",Surface protection during transit; minimal void-fill,APAC,68,Medium,28.0,9.0,61190.0,26.0,2.0,1.42,32.0,62.0,7.0,9.0,8.0,1.47,27876.0,267.0,74.0
MAT_0072,Bubble Wrap (Minimal Use),Plastic,"Low-Value Goods, Secondary Protection for Non-Fragile Items",Surface protection during transit; minimal void-fill,EMEA,73,Medium,32.0,8.0,70772.0,25.0,1.92,1.36,24.0,61.0,7.0,8.0,6.0,1.91,31964.0,256.0,63.0
MAT_0073,Foldable & Stackable Containers,Plastic,"Electronics, Medium-Value Goods, Retail Logistics",Cross-docking and returnable packaging programs,ROW,92,Medium,42.0,94.0,46640.0,13.0,0.98,1.47,79.0,75.0,9.0,8.0,7.0,11.69,54650.0,1189.0,88.0
MAT_0074,Cardboard Boxes,Cardboard,"E-commerce, Food & Beverage, Consumer Goods, Apparel",Last-mile delivery and primary e-commerce packaging,EU,100,High,77.0,46.0,169.0,4.0,0.75,0.51,57.0,87.0,6.0,3.0,3.0,2.82,96624.0,825.0,90.0
MAT_0075,Bubble Wrap (Minimal Use),Plastic,"Low-Value Goods, Secondary Protection for Non-Fragile Items",Surface protection during transit; minimal void-fill,EMEA,82,Medium,37.0,7.0,21938.0,24.0,1.99,1.59,34.0,62.0,9.0,9.0,8.0,0.92,29678.0,156.0,69.0
MAT_0076,Protective Fillers (Paper/Biodegradable),Paper/Bio-Based,"Fragile Items, Cosmetics, Pharmaceuticals, Internal Component Protection",Void-fill and cushioning for fragile products,AMERICAS,99,High,87.0,36.0,171.0,2.0,0.39,0.3,65.0,91.0,2.0,2.0,3.0,1.23,76655.0,523.0,78.0
MAT_0077,Foldable & Stackable Containers,Plastic,"Electronics, Medium-Value Goods, Retail Logistics",Cross-docking and returnable packaging programs,APAC,84,Medium,44.0,94.0,84051.0,11.0,1.02,1.53,74.0,83.0,9.0,8.0,8.0,11.93,59507.0,1227.0,89.0
MAT_0078,Foldable & Stackable Containers,Plastic,"Electronics, Medium-Value Goods, Retail Logistics",Cross-docking and returnable packaging programs,EMEA,88,Medium,39.0,87.0,78380.0,11.0,0.94,1.43,78.0,80.0,9.0,9.0,8.0,12.68,56260.0,1242.0,87.0
MAT_0079,Cardboard Boxes,Cardboard,"E-commerce, Food & Beverage, Consumer Goods, Apparel",Last-mile delivery and primary e-commerce packaging,ROW,98,High,79.0,48.0,250.0,5.0,0.9,0.52,62.0,90.0,4.0,4.0,5.0,3.39,100328.0,741.0,87.0
MAT_0080,Foldable & Stackable Containers,Plastic,"Electronics, Medium-Value Goods, Retail Logistics",Cross-docking and returnable packaging programs,EU,92,Medium,38.0,89.0,22417.0,12.0,1.05,1.63,79.0,81.0,7.0,9.0,7.0,11.61,59486.0,1210.0,98.0
MAT_0081,Foldable & Stackable Containers,Plastic,"Electronics, Medium-Value Goods, Retail Logistics",Cross-docking and returnable packaging programs,EU,86,Medium,40.0,86.0,86303.0,11.0,1.09,1.47,82.0,79.0,9.0,9.0,8.0,12.38,56647.0,1236.0,85.0
MAT_0082,Bubble Wrap (Minimal Use),Plastic,"Low-Value Goods, Secondary Protection for Non-Fragile Items",Surface protection during transit; minimal void-fill,LATAM,71,Medium,38.0,13.0,38391.0,25.0,2.09,1.45,34.0,59.0,8.0,7.0,7.0,1.91,31467.0,196.0,63.0
MAT_0083,Cardboard Boxes,Cardboard,"E-commerce, Food & Beverage, Consumer Goods, Apparel",Last-mile delivery and primary e-commerce packaging,EU,100,High,81.0,44.0,201.0,6.0,0.86,0.54,58.0,89.0,5.0,5.0,3.0,2.6,99953.0,717.0,85.0
MAT_0084,Bubble Wrap (Minimal Use),Plastic,"Low-Value Goods, Secondary Protection for Non-Fragile Items",Surface protection during transit; minimal void-fill,LATAM,63,Medium,32.0,10.0,79705.0,25.0,1.97,1.35,32.0,62.0,7.0,9.0,8.0,2.23,28967.0,217.0,63.0
MAT_0085,Bubble Wrap (Minimal Use),Plastic,"Low-Value Goods, Secondary Protection for Non-Fragile Items",Surface protection during transit; minimal void-fill,AMERICAS,68,Medium,29.0,9.0,65252.0,25.0,1.95,1.35,36.0,59.0,7.0,7.0,7.0,0.84,29535.0,227.0,68.0
MAT_0086,Cardboard Boxes,Cardboard,"E-commerce, Food & Beverage, Consumer Goods, Apparel",Last-mile delivery and primary e-commerce packaging,EU,100,High,81.0,48.0,312.0,5.0,0.93,0.52,64.0,83.0,5.0,4.0,5.0,3.18,97331.0,889.0,80.0
MAT_0087,Plastic Totes & Pallets,Plastic,"Industrial Components, Heavy Machinery, Automotive Parts",Closed-loop logistics and bulk material handling,LATAM,88,Medium,52.0,97.0,32911.0,9.0,1.23,1.5,82.0,90.0,8.0,7.0,7.0,14.55,46054.0,1003.0,100.0
MAT_0088,Bubble Wrap (Minimal Use),Plastic,"Low-Value Goods, Secondary Protection for Non-Fragile Items",Surface protection during transit; minimal void-fill,EU,69,Medium,35.0,3.0,45188.0,26.0,1.9,1.45,26.0,54.0,9.0,8.0,7.0,0.84,29486.0,185.0,66.0
MAT_0089,Protective Fillers (Paper/Biodegradable),Paper/Bio-Based,"Fragile Items, Cosmetics, Pharmaceuticals, Internal Component Protection",Void-fill and cushioning for fragile products,LATAM,95,High,92.0,31.0,66.0,2.0,0.42,0.31,61.0,96.0,3.0,3.0,2.0,2.26,73579.0,650.0,80.0
MAT_0090,Protective Fillers (Paper/Biodegradable),Paper/Bio-Based,"Fragile Items, Cosmetics, Pharmaceuticals, Internal Component Protection",Void-fill and cushioning for fragile products,EU,100,High,88.0,28.0,133.0,3.0,0.57,0.28,67.0,98.0,2.0,3.0,4.0,1.76,75226.0,663.0,82.0
MAT_0091,Foldable & Stackable Containers,Plastic,"Electronics, Medium-Value Goods, Retail Logistics",Cross-docking and returnable packaging programs,LATAM,95,Medium,43.0,90.0,89433.0,12.0,0.96,1.49,77.0,77.0,8.0,9.0,8.0,12.25,59603.0,1126.0,91.0
MAT_0092,Protective Fillers (Paper/Biodegradable),Paper/Bio-Based,"Fragile Items, Cosmetics, Pharmaceuticals, Internal Component Protection",Void-fill and cushioning for fragile products,LATAM,97,High,88.0,29.0,139.0,3.0,0.47,0.32,63.0,89.0,1.0,3.0,4.0,2.55,76866.0,517.0,84.0
MAT_0093,Foldable & Stackable Containers,Plastic,"Electronics, Medium-Value Goods, Retail Logistics",Cross-docking and returnable packaging programs,EMEA,82,Medium,38.0,93.0,51800.0,11.0,0.87,1.6,76.0,78.0,7.0,9.0,7.0,12.22,58486.0,1211.0,86.0
MAT_0094,Plastic Totes & Pallets,Plastic,"Industrial Components, Heavy Machinery, Automotive Parts",Closed-loop logistics and bulk material handling,APAC,100,Medium,48.0,96.0,81714.0,10.0,1.14,1.51,82.0,90.0,7.0,9.0,7.0,14.87,46774.0,1086.0,91.0
MAT_0095,Cardboard Boxes,Cardboard,"E-commerce, Food & Beverage, Consumer Goods, Apparel",Last-mile delivery and primary e-commerce packaging,AMERICAS,100,High,74.0,49.0,90.0,5.0,0.68,0.52,60.0,88.0,5.0,3.0,3.0,3.63,103469.0,862.0,80.0
MAT_0096,Cardboard Boxes,Cardboard,"E-commerce, Food & Beverage, Consumer Goods, Apparel",Last-mile delivery and primary e-commerce packaging,AMERICAS,99,High,78.0,50.0,197.0,5.0,0.77,0.47,59.0,83.0,4.0,3.0,4.0,3.87,96646.0,743.0,87.0
MAT_0097,Cardboard Boxes,Cardboard,"E-commerce, Food & Beverage, Consumer Goods, Apparel",Last-mile delivery and primary e-commerce packaging,AMERICAS,97,High,82.0,53.0,291.0,5.0,0.78,0.54,60.0,93.0,5.0,3.0,3.0,2.81,97201.0,880.0,85.0
MAT_0098,Protective Fillers (Paper/Biodegradable),Paper/Bio-Based,"Fragile Items, Cosmetics, Pharmaceuticals, Internal Component Protection",Void-fill and cushioning for fragile products,APAC,99,High,94.0,30.0,119.0,4.0,0.55,0.31,64.0,92.0,3.0,3.0,3.0,2.49,76341.0,614.0,78.0
MAT_0099,Plastic Totes & Pallets,Plastic,"Industrial Components, Heavy Machinery, Automotive Parts",Closed-loop logistics and bulk material handling,ROW,84,Medium,50.0,93.0,19133.0,10.0,1.2,1.54,81.0,84.0,8.0,7.0,7.0,15.74,52785.0,1083.0,93.0
MAT_0100,Protective Fillers (Paper/Biodegradable),Paper/Bio-Based,"Fragile Items, Cosmetics, Pharmaceuticals, Internal Component Protection",Void-fill and cushioning for fragile products,AMERICAS,100,High,88.0,29.0,170.0,3.0,0.52,0.28,58.0,93.0,3.0,2.0,3.0,1.5,67350.0,601.0,74.0
MAT_0101,Protective Fillers (Paper/Biodegradable),Paper/Bio-Based,"Fragile Items, Cosmetics, Pharmaceuticals, Internal Component Protection",Void-fill and cushioning for fragile products,EMEA,100,High,91.0,33.0,122.0,2.0,0.46,0.31,68.0,91.0,3.0,2.0,2.0,2.02,77375.0,549.0,85.0
MAT_0102,Steel Racks & Containers,Steel,"Heavy Industrial Components, High-Security Goods","Secure, high-load international shipping and long-term storage",LATAM,94,High,68.0,96.0,161962.0,8.0,3.58,3.0,85.0,73.0,8.0,9.0,8.0,25.66,21183.0,5063.0,91.0
MAT_0103,Cardboard Boxes,Cardboard,"E-commerce, Food & Beverage, Consumer Goods, Apparel",Last-mile delivery and primary e-commerce packaging,APAC,99,High,80.0,52.0,242.0,5.0,0.79,0.51,60.0,90.0,4.0,4.0,5.0,3.14,103063.0,782.0,88.0
MAT_0104,Cardboard Boxes,Cardboard,"E-commerce, Food & Beverage, Consumer Goods, Apparel",Last-mile delivery and primary e-commerce packaging,EU,100,High,77.0,46.0,187.0,4.0,0.85,0.52,65.0,88.0,6.0,3.0,5.0,2.7,99808.0,719.0,83.0
MAT_0105,Foldable & Stackable Containers,Plastic,"Electronics, Medium-Value Goods, Retail Logistics",Cross-docking and returnable packaging programs,LATAM,85,Medium,41.0,86.0,52150.0,13.0,0.92,1.44,79.0,78.0,7.0,9.0,8.0,12.72,59942.0,1268.0,90.0
MAT_0106,Bubble Wrap (Minimal Use),Plastic,"Low-Value Goods, Secondary Protection for Non-Fragile Items",Surface protection during transit; minimal void-fill,LATAM,61,Medium,22.0,12.0,71775.0,25.0,1.96,1.4,32.0,60.0,7.0,8.0,6.0,1.46,30357.0,178.0,67.0
MAT_0107,Plastic Totes & Pallets,Plastic,"Industrial Components, Heavy Machinery, Automotive Parts",Closed-loop logistics and bulk material handling,EU,86,Medium,50.0,96.0,25270.0,11.0,1.17,1.6,76.0,82.0,7.0,8.0,7.0,14.28,48512.0,1065.0,95.0
MAT_0108,Foldable & Stackable Containers,Plastic,"Electronics, Medium-Value Goods, Retail Logistics",Cross-docking and returnable packaging programs,EU,92,Medium,43.0,89.0,61952.0,12.0,1.07,1.42,75.0,80.0,8.0,9.0,7.0,12.18,61002.0,1202.0,89.0
MAT_0109,Foldable & Stackable Containers,Plastic,"Electronics, Medium-Value Goods, Retail Logistics",Cross-docking and returnable packaging programs,EU,94,Medium,44.0,87.0,35850.0,13.0,1.08,1.49,74.0,80.0,8.0,7.0,7.0,11.55,59371.0,1147.0,89.0
MAT_0110,Plastic Totes & Pallets,Plastic,"Industrial Components, Heavy Machinery, Automotive Parts",Closed-loop logistics and bulk material handling,LATAM,92,Medium,48.0,97.0,42939.0,11.0,1.13,1.52,80.0,90.0,7.0,7.0,6.0,14.61,48925.0,1033.0,98.0
MAT_0111,Cardboard Boxes,Cardboard,"E-commerce, Food & Beverage, Consumer Goods, Apparel",Last-mile delivery and primary e-commerce packaging,LATAM,100,High,77.0,50.0,152.0,5.0,0.76,0.51,60.0,88.0,5.0,3.0,3.0,2.69,101662.0,790.0,83.0
MAT_0112,Steel Racks & Containers,Steel,"Heavy Industrial Components, High-Security Goods","Secure, high-load international shipping and long-term storage",EMEA,95,High,73.0,99.0,75493.0,7.0,3.61,3.15,83.0,72.0,8.0,10.0,9.0,24.63,22295.0,4967.0,89.0
MAT_0113,Plastic Totes & Pallets,Plastic,"Industrial Components, Heavy Machinery, Automotive Parts",Closed-loop logistics and bulk material handling,EMEA,90,Medium,47.0,93.0,66898.0,10.0,1.21,1.38,81.0,87.0,9.0,7.0,6.0,15.71,51480.0,985.0,89.0
MAT_0114,Protective Fillers (Paper/Biodegradable),Paper/Bio-Based,"Fragile Items, Cosmetics, Pharmaceuticals, Internal Component Protection",Void-fill and cushioning for fragile products,EMEA,100,High,92.0,33.0,137.0,3.0,0.56,0.29,66.0,95.0,2.0,2.0,4.0,1.96,75069.0,637.0,79.0
MAT_0115,Cardboard Boxes,Cardboard,"E-commerce, Food & Beverage, Consumer Goods, Apparel",Last-mile delivery and primary e-commerce packaging,APAC,94,High,79.0,48.0,154.0,5.0,0.9,0.55,60.0,90.0,5.0,3.0,4.0,3.22,96860.0,862.0,86.0
MAT_0116,Cardboard Boxes,Cardboard,"E-commerce, Food & Beverage, Consumer Goods, Apparel",Last-mile delivery and primary e-commerce packaging,AMERICAS,93,High,79.0,48.0,272.0,5.0,0.9,0.5,58.0,92.0,6.0,4.0,5.0,2.83,99216.0,778.0,92.0
MAT_0117,Plastic Totes & Pallets,Plastic,"Industrial Components, Heavy Machinery, Automotive Parts",Closed-loop logistics and bulk material handling,ROW,87,Medium,50.0,95.0,30911.0,10.0,1.2,1.39,82.0,85.0,9.0,8.0,7.0,14.68,52156.0,1113.0,97.0
MAT_0118,Foldable & Stackable Containers,Plastic,"Electronics, Medium-Value Goods, Retail Logistics",Cross-docking and returnable packaging programs,APAC,87,Medium,43.0,89.0,68093.0,12.0,1.06,1.48,77.0,81.0,8.0,9.0,8.0,12.01,57077.0,1217.0,92.0
MAT_0119,Plastic Totes & Pallets,Plastic,"Industrial Components, Heavy Machinery, Automotive Parts",Closed-loop logistics and bulk material handling,EU,86,Medium,52.0,99.0,25244.0,10.0,1.18,1.43,82.0,82.0,7.0,8.0,7.0,14.41,49673.0,995.0,86.0
MAT_0120,Protective Fillers (Paper/Biodegradable),Paper/Bio-Based,"Fragile Items, Cosmetics, Pharmaceuticals, Internal Component Protection",Void-fill and cushioning for fragile products,EMEA,100,High,91.0,33.0,177.0,3.0,0.47,0.3,64.0,96.0,2.0,3.0,4.0,2.2,74542.0,540.0,84.0
MAT_0121,Cardboard Boxes,Cardboard,"E-commerce, Food & Beverage, Consumer Goods, Apparel",Last-mile delivery and primary e-commerce packaging,EU,100,High,80.0,48.0,310.0,5.0,0.8,0.47,61.0,90.0,5.0,4.0,4.0,3.31,103175.0,758.0,93.0
MAT_0122,Bubble Wrap (Minimal Use),Plastic,"Low-Value Goods, Secondary Protection for Non-Fragile Items",Surface protection during transit; minimal void-fill,ROW,69,Medium,30.0,12.0,65985.0,25.0,1.96,1.6,31.0,63.0,9.0,9.0,7.0,1.86,30397.0,298.0,69.0
MAT_0123,Cardboard Boxes,Cardboard,"E-commerce, Food & Beverage, Consumer Goods, Apparel",Last-mile delivery and primary e-commerce packaging,ROW,97,High,76.0,50.0,332.0,5.0,0.73,0.52,62.0,88.0,5.0,5.0,4.0,2.94,102220.0,740.0,84.0
MAT_0124,Steel Racks & Containers,Steel,"Heavy Industrial Components, High-Security Goods","Secure, high-load international shipping and long-term storage",APAC,94,High,72.0,99.0,103598.0,7.0,3.56,2.98,82.0,76.0,9.0,10.0,9.0,24.62,21703.0,5063.0,90.0
MAT_0125,Plastic Totes & Pallets,Plastic,"Industrial Components, Heavy Machinery, Automotive Parts",Closed-loop logistics and bulk material handling,EU,82,Medium,48.0,93.0,29304.0,11.0,1.12,1.38,79.0,83.0,7.0,9.0,6.0,15.11,51095.0,966.0,93.0
MAT_0126,Foldable & Stackable Containers,Plastic,"Electronics, Medium-Value Goods, Retail Logistics",Cross-docking and returnable packaging programs,APAC,86,Medium,36.0,92.0,10935.0,13.0,1.06,1.42,75.0,81.0,8.0,7.0,6.0,12.59,62098.0,1250.0,91.0
MAT_0127,Cardboard Boxes,Cardboard,"E-commerce, Food & Beverage, Consumer Goods, Apparel",Last-mile delivery and primary e-commerce packaging,EMEA,100,High,77.0,53.0,153.0,5.0,0.81,0.51,62.0,84.0,4.0,5.0,4.0,2.83,101569.0,765.0,86.0
MAT_0128,Steel Racks & Containers,Steel,"Heavy Industrial Components, High-Security Goods","Secure, high-load international shipping and long-term storage",AMERICAS,93,High,71.0,98.0,99557.0,7.0,3.57,3.13,83.0,75.0,8.0,10.0,8.0,25.68,19707.0,4939.0,94.0
MAT_0129,Protective Fillers (Paper/Biodegradable),Paper/Bio-Based,"Fragile Items, Cosmetics, Pharmaceuticals, Internal Component Protection",Void-fill and cushioning for fragile products,LATAM,100,High,88.0,32.0,176.0,2.0,0.53,0.3,69.0,96.0,2.0,2.0,4.0,2.02,73907.0,597.0,83.0
MAT_0130,Cardboard Boxes,Cardboard,"E-commerce, Food & Beverage, Consumer Goods, Apparel",Last-mile delivery and primary e-commerce packaging,AMERICAS,96,High,83.0,49.0,275.0,6.0,0.85,0.52,65.0,89.0,6.0,4.0,4.0,3.18,100778.0,819.0,92.0
MAT_0131,Plastic Totes & Pallets,Plastic,"Industrial Components, Heavy Machinery, Automotive Parts",Closed-loop logistics and bulk material handling,LATAM,84,Medium,48.0,97.0,41427.0,9.0,1.06,1.48,80.0,87.0,8.0,7.0,7.0,15.76,48866.0,1053.0,97.0
MAT_0132,Cardboard Boxes,Cardboard,"E-commerce, Food & Beverage, Consumer Goods, Apparel",Last-mile delivery and primary e-commerce packaging,APAC,99,High,79.0,48.0,101.0,5.0,0.8,0.53,62.0,87.0,6.0,4.0,4.0,3.1,103099.0,753.0,83.0
MAT_0133,Bubble Wrap (Minimal Use),Plastic,"Low-Value Goods, Secondary Protection for Non-Fragile Items",Surface protection during transit; minimal void-fill,LATAM,69,Medium,28.0,15.0,50508.0,26.0,1.96,1.46,29.0,61.0,9.0,7.0,6.0,1.33,28859.0,219.0,70.0
MAT_0134,Cardboard Boxes,Cardboard,"E-commerce, Food & Beverage, Consumer Goods, Apparel",Last-mile delivery and primary e-commerce packaging,EMEA,99,High,79.0,52.0,242.0,5.0,0.72,0.49,61.0,93.0,5.0,4.0,4.0,2.8,101569.0,824.0,93.0
MAT_0135,Protective Fillers (Paper/Biodegradable),Paper/Bio-Based,"Fragile Items, Cosmetics, Pharmaceuticals, Internal Component Protection",Void-fill and cushioning for fragile products,AMERICAS,100,High,84.0,33.0,165.0,3.0,0.54,0.31,64.0,95.0,3.0,1.0,4.0,1.87,76033.0,680.0,80.0
MAT_0136,Cardboard Boxes,Cardboard,"E-commerce, Food & Beverage, Consumer Goods, Apparel",Last-mile delivery and primary e-commerce packaging,ROW,97,High,78.0,51.0,200.0,6.0,0.88,0.48,64.0,88.0,5.0,3.0,5.0,3.31,101538.0,816.0,84.0
MAT_0137,Cardboard Boxes,Cardboard,"E-commerce, Food & Beverage, Consumer Goods, Apparel",Last-mile delivery and primary e-commerce packaging,APAC,97,High,84.0,52.0,130.0,5.0,0.74,0.51,61.0,90.0,5.0,5.0,4.0,2.94,98083.0,782.0,88.0
MAT_0138,Plastic Totes & Pallets,Plastic,"Industrial Components, Heavy Machinery, Automotive Parts",Closed-loop logistics and bulk material handling,APAC,84,Medium,51.0,96.0,25227.0,11.0,1.14,1.44,79.0,84.0,8.0,8.0,7.0,14.65,51659.0,1010.0,95.0
MAT_0139,Foldable & Stackable Containers,Plastic,"Electronics, Medium-Value Goods, Retail Logistics",Cross-docking and returnable packaging programs,LATAM,85,Medium,38.0,94.0,84260.0,11.0,1.06,1.52,78.0,79.0,8.0,8.0,6.0,12.72,55887.0,1184.0,88.0
MAT_0140,Cardboard Boxes,Cardboard,"E-commerce, Food & Beverage, Consumer Goods, Apparel",Last-mile delivery and primary e-commerce packaging,AMERICAS,99,High,80.0,48.0,252.0,5.0,0.81,0.51,64.0,91.0,4.0,4.0,5.0,2.78,100650.0,782.0,85.0
MAT_0141,Steel Racks & Containers,Steel,"Heavy Industrial Components, High-Security Goods","Secure, high-load international shipping and long-term storage",LATAM,94,High,68.0,96.0,153549.0,7.0,3.58,2.98,82.0,75.0,9.0,9.0,9.0,24.96,22070.0,5036.0,87.0
MAT_0142,Protective Fillers (Paper/Biodegradable),Paper/Bio-Based,"Fragile Items, Cosmetics, Pharmaceuticals, Internal Component Protection",Void-fill and cushioning for fragile products,ROW,100,High,88.0,34.0,179.0,3.0,0.58,0.3,64.0,96.0,1.0,2.0,3.0,2.5,76742.0,674.0,78.0
MAT_0143,Bubble Wrap (Minimal Use),Plastic,"Low-Value Goods, Secondary Protection for Non-Fragile Items",Surface protection during transit; minimal void-fill,LATAM,62,Medium,23.0,12.0,74533.0,26.0,1.96,1.38,32.0,60.0,7.0,8.0,6.0,1.5,30291.0,257.0,67.0
MAT_0144,Foldable & Stackable Containers,Plastic,"Electronics, Medium-Value Goods, Retail Logistics",Cross-docking and returnable packaging programs,LATAM,82,Medium,41.0,87.0,37036.0,12.0,1.06,1.54,72.0,83.0,7.0,7.0,6.0,12.72,57467.0,1176.0,96.0
MAT_0145,Plastic Totes & Pallets,Plastic,"Industrial Components, Heavy Machinery, Automotive Parts",Closed-loop logistics and bulk material handling,AMERICAS,93,Medium,50.0,92.0,31940.0,11.0,1.21,1.5,78.0,86.0,8.0,7.0,7.0,14.41,47587.0,975.0,89.0
MAT_0146,Foldable & Stackable Containers,Plastic,"Electronics, Medium-Value Goods, Retail Logistics",Cross-docking and returnable packaging programs,ROW,81,Medium,36.0,92.0,62453.0,12.0,0.92,1.49,74.0,77.0,8.0,9.0,8.0,12.28,60352.0,1118.0,90.0
MAT_0147,Cardboard Boxes,Cardboard,"E-commerce, Food & Beverage, Consumer Goods, Apparel",Last-mile delivery and primary e-commerce packaging,EU,100,High,82.0,50.0,154.0,5.0,0.76,0.53,59.0,91.0,4.0,4.0,4.0,2.98,103323.0,737.0,85.0
MAT_0148,Plastic Totes & Pallets,Plastic,"Industrial Components, Heavy Machinery, Automotive Parts",Closed-loop logistics and bulk material handling,EMEA,90,Medium,49.0,94.0,76964.0,10.0,1.06,1.44,83.0,90.0,7.0,7.0,7.0,14.65,49673.0,998.0,92.0
MAT_0149,Steel Racks & Containers,Steel,"Heavy Industrial Components, High-Security Goods","Secure, high-load international shipping and long-term storage",AMERICAS,96,High,70.0,98.0,90587.0,8.0,3.64,3.06,85.0,76.0,9.0,10.0,8.0,25.43,21272.0,4976.0,93.0
MAT_0150,Protective Fillers (Paper/Biodegradable),Paper/Bio-Based,"Fragile Items, Cosmetics, Pharmaceuticals, Internal Component Protection",Void-fill and cushioning for fragile products,APAC,94,High,87.0,33.0,126.0,2.0,0.56,0.28,67.0,95.0,3.0,3.0,3.0,2.44,71008.0,634.0,84.0
MAT_0151,Plastic Totes & Pallets,Plastic,"Industrial Components, Heavy Machinery, Automotive Parts",Closed-loop logistics and bulk material handling,APAC,94,Medium,50.0,96.0,40050.0,11.0,1.15,1.52,82.0,90.0,7.0,7.0,7.0,15.25,50106.0,1088.0,96.0
MAT_0152,Steel Racks & Containers,Steel,"Heavy Industrial Components, High-Security Goods","Secure, high-load international shipping and long-term storage",APAC,99,High,73.0,98.0,157790.0,8.0,3.58,3.07,85.0,73.0,10.0,9.0,9.0,24.33,20573.0,4938.0,91.0
MAT_0153,Foldable & Stackable Containers,Plastic,"Electronics, Medium-Value Goods, Retail Logistics",Cross-docking and returnable packaging programs,APAC,87,Medium,41.0,89.0,68326.0,12.0,1.0,1.6,73.0,81.0,9.0,8.0,8.0,12.7,60528.0,1117.0,86.0
MAT_0154,Cardboard Boxes,Cardboard,"E-commerce, Food & Beverage, Consumer Goods, Apparel",Last-mile delivery and primary e-commerce packaging,EMEA,100,High,78.0,47.0,157.0,5.0,0.76,0.51,61.0,90.0,6.0,5.0,5.0,2.77,100871.0,847.0,90.0
MAT_0155,Plastic Totes & Pallets,Plastic,"Industrial Components, Heavy Machinery, Automotive Parts",Closed-loop logistics and bulk material handling,LATAM,85,Medium,50.0,97.0,41427.0,10.0,1.21,1.56,80.0,89.0,9.0,6.0,7.0,14.68,52156.0,989.0,97.0
MAT_0156,Plastic Totes & Pallets,Plastic,"Industrial Components, Heavy Machinery, Automotive Parts",Closed-loop logistics and bulk material handling,APAC,87,Medium,49.0,95.0,28329.0,10.0,1.16,1.48,81.0,85.0,8.0,9.0,7.0,15.75,47124.0,1030.0,95.0
MAT_0157,Bubble Wrap (Minimal Use),Plastic,"Low-Value Goods, Secondary Protection for Non-Fragile Items",Surface protection during transit; minimal void-fill,EU,77,Medium,30.0,12.0,31602.0,25.0,2.05,1.49,30.0,56.0,8.0,8.0,8.0,1.42,31018.0,171.0,70.0
MAT_0158,Cardboard Boxes,Cardboard,"E-commerce, Food & Beverage, Consumer Goods, Apparel",Last-mile delivery and primary e-commerce packaging,APAC,99,High,77.0,53.0,101.0,5.0,0.77,0.51,61.0,87.0,6.0,5.0,3.0,2.98,103099.0,886.0,86.0
MAT_0159,Foldable & Stackable Containers,Plastic,"Electronics, Medium-Value Goods, Retail Logistics",Cross-docking and returnable packaging programs,LATAM,81,Medium,40.0,92.0,60408.0,12.0,1.0,1.49,75.0,77.0,8.0,9.0,6.0,12.01,57077.0,1087.0,88.0
MAT_0160,Cardboard Boxes,Cardboard,"E-commerce, Food & Beverage, Consumer Goods, Apparel",Last-mile delivery and primary e-commerce packaging,LATAM,100,High,81.0,49.0,209.0,5.0,0.73,0.55,64.0,91.0,5.0,3.0,3.0,3.06,99778.0,745.0,86.0
MAT_0161,Protective Fillers (Paper/Biodegradable),Paper/Bio-Based,"Fragile Items, Cosmetics, Pharmaceuticals, Internal Component Protection",Void-fill and cushioning for fragile products,APAC,99,High,92.0,32.0,152.0,3.0,0.53,0.3,64.0,93.0,2.0,3.0,4.0,2.54,72675.0,567.0,78.0
MAT_0162,Steel Racks & Containers,Steel,"Heavy Industrial Components, High-Security Goods","Secure, high-load international shipping and long-term storage",EMEA,95,High,72.0,99.0,75493.0,8.0,3.48,3.13,88.0,74.0,9.0,9.0,9.0,24.63,22295.0,5028.0,89.0
MAT_0163,Cardboard Boxes,Cardboard,"E-commerce, Food & Beverage, Consumer Goods, Apparel",Last-mile delivery and primary e-commerce packaging,EMEA,100,High,79.0,53.0,168.0,5.0,0.85,0.51,60.0,94.0,5.0,4.0,5.0,3.37,97003.0,778.0,84.0
MAT_0164,Plastic Totes & Pallets,Plastic,"Industrial Components, Heavy Machinery, Automotive Parts",Closed-loop logistics and bulk material handling,LATAM,88,Medium,48.0,93.0,55740.0,11.0,1.14,1.41,78.0,90.0,7.0,8.0,6.0,14.93,52219.0,1018.0,97.0
MAT_0165,Steel Racks & Containers,Steel,"Heavy Industrial Components, High-Security Goods","Secure, high-load international shipping and long-term storage",EU,86,High,72.0,97.0,113063.0,7.0,3.61,3.09,83.0,73.0,8.0,9.0,9.0,24.22,23853.0,5010.0,84.0
MAT_0166,Cardboard Boxes,Cardboard,"E-commerce, Food & Beverage, Consumer Goods, Apparel",Last-mile delivery and primary e-commerce packaging,AMERICAS,99,High,81.0,50.0,230.0,5.0,0.86,0.51,62.0,85.0,6.0,3.0,4.0,3.07,98791.0,732.0,83.0
MAT_0167,Protective Fillers (Paper/Biodegradable),Paper/Bio-Based,"Fragile Items, Cosmetics, Pharmaceuticals, Internal Component Protection",Void-fill and cushioning for fragile products,EU,98,High,91.0,30.0,165.0,3.0,0.54,0.3,67.0,95.0,3.0,3.0,3.0,2.4,72166.0,569.0,79.0
MAT_0168,Foldable & Stackable Containers,Plastic,"Electronics, Medium-Value Goods, Retail Logistics",Cross-docking and returnable packaging programs,EU,90,Medium,38.0,88.0,86202.0,12.0,1.06,1.42,75.0,81.0,8.0,7.0,7.0,12.02,60655.0,1239.0,94.0
MAT_0169,Bubble Wrap (Minimal Use),Plastic,"Low-Value Goods, Secondary Protection for Non-Fragile Items",Surface protection during transit; minimal void-fill,APAC,77,Medium,29.0,8.0,60573.0,26.0,2.02,1.57,32.0,60.0,8.0,9.0,7.0,1.26,30357.0,211.0,70.0
MAT_0170,Plastic Totes & Pallets,Plastic,"Industrial Components, Heavy Machinery, Automotive Parts",Closed-loop logistics and bulk material handling,EMEA,95,Medium,50.0,96.0,22097.0,11.0,1.17,1.45,80.0,86.0,8.0,7.0,6.0,14.65,49673.0,995.0,86.0
MAT_0171,Protective Fillers (Paper/Biodegradable),Paper/Bio-Based,"Fragile Items, Cosmetics, Pharmaceuticals, Internal Component Protection",Void-fill and cushioning for fragile products,LATAM,100,High,87.0,31.0,141.0,3.0,0.51,0.28,68.0,91.0,1.0,2.0,3.0,1.6,73892.0,525.0,85.0
MAT_0172,Cardboard Boxes,Cardboard,"E-commerce, Food & Beverage, Consumer Goods, Apparel",Last-mile delivery and primary e-commerce packaging,APAC,97,High,76.0,51.0,332.0,5.0,0.79,0.51,59.0,86.0,4.0,5.0,4.0,2.94,102220.0,740.0,84.0
MAT_0173,Cardboard Boxes,Cardboard,"E-commerce, Food & Beverage, Consumer Goods, Apparel",Last-mile delivery and primary e-commerce packaging,LATAM,96,High,77.0,47.0,152.0,5.0,0.79,0.5,60.0,86.0,6.0,5.0,3.0,3.06,99778.0,745.0,86.0
MAT_0174,Plastic Totes & Pallets,Plastic,"Industrial Components, Heavy Machinery, Automotive Parts",Closed-loop logistics and bulk material handling,ROW,87,Medium,48.0,96.0,33525.0,10.0,1.21,1.4,81.0,87.0,9.0,7.0,6.0,15.74,52785.0,1053.0,97.0
MAT_0175,Cardboard Boxes,Cardboard,"E-commerce, Food & Beverage, Consumer Goods, Apparel",Last-mile delivery and primary e-commerce packaging,LATAM,99,High,81.0,52.0,242.0,5.0,0.8,0.52,63.0,93.0,6.0,3.0,5.0,3.14,103063.0,782.0,88.0
MAT_0176,Foldable & Stackable Containers,Plastic,"Electronics, Medium-Value Goods, Retail Logistics",Cross-docking and returnable packaging programs,AMERICAS,88,Medium,36.0,88.0,41490.0,12.0,0.9,1.48,74.0,84.0,7.0,7.0,7.0,12.7,60528.0,1117.0,86.0
MAT_0177,Plastic Totes & Pallets,Plastic,"Industrial Components, Heavy Machinery, Automotive Parts",Closed-loop logistics and bulk material handling,ROW,92,Medium,48.0,93.0,42939.0,11.0,1.14,1.4,77.0,88.0,9.0,7.0,7.0,14.61,48925.0,1033.0,98.0
MAT_0178,Cardboard Boxes,Cardboard,"E-commerce, Food & Beverage, Consumer Goods, Apparel",Last-mile delivery and primary e-commerce packaging,EMEA,95,High,77.0,48.0,275.0,5.0,0.92,0.52,65.0,88.0,6.0,4.0,5.0,3.18,100778.0,819.0,92.0
MAT_0179,Steel Racks & Containers,Steel,"Heavy Industrial Components, High-Security Goods","Secure, high-load international shipping and long-term storage",APAC,94,High,71.0,97.0,99557.0,8.0,3.58,3.13,83.0,73.0,9.0,9.0,9.0,25.68,19707.0,5063.0,94.0
MAT_0180,Bubble Wrap (Minimal Use),Plastic,"Low-Value Goods, Secondary Protection for Non-Fragile Items",Surface protection during transit; minimal void-fill,APAC,78,Medium,30.0,8.0,64044.0,26.0,2.07,1.6,33.0,60.0,7.0,8.0,6.0,1.26,30357.0,211.0,70.0
MAT_0181,Cardboard Boxes,Cardboard,"E-commerce, Food & Beverage, Consumer Goods, Apparel",Last-mile delivery and primary e-commerce packaging,EU,98,High,77.0,53.0,153.0,5.0,0.8,0.51,62.0,84.0,5.0,5.0,4.0,2.83,101569.0,765.0,86.0
MAT_0182,Plastic Totes & Pallets,Plastic,"Industrial Components, Heavy Machinery, Automotive Parts",Closed-loop logistics and bulk material handling,AMERICAS,89,Medium,50.0,96.0,28329.0,10.0,1.2,1.37,79.0,85.0,9.0,9.0,7.0,15.75,47124.0,1030.0,95.0
MAT_0183,Plastic Totes & Pallets,Plastic,"Industrial Components, Heavy Machinery, Automotive Parts",Closed-loop logistics and bulk material handling,AMERICAS,93,Medium,50.0,95.0,30911.0,10.0,1.07,1.48,81.0,86.0,7.0,7.0,6.0,14.68,52156.0,1010.0,95.0
MAT_0184,Foldable & Stackable Containers,Plastic,"Electronics, Medium-Value Goods, Retail Logistics",Cross-docking and returnable packaging programs,APAC,85,Medium,36.0,94.0,40250.0,12.0,0.96,1.48,74.0,78.0,9.0,9.0,6.0,11.84,60648.0,1118.0,96.0
MAT_0185,Protective Fillers (Paper/Biodegradable),Paper/Bio-Based,"Fragile Items, Cosmetics, Pharmaceuticals, Internal Component Protection",Void-fill and cushioning for fragile products,APAC,99,High,89.0,31.0,104.0,3.0,0.52,0.29,66.0,91.0,2.0,2.0,3.0,1.96,75069.0,637.0,79.0
MAT_0186,Cardboard Boxes,Cardboard,"E-commerce, Food & Beverage, Consumer Goods, Apparel",Last-mile delivery and primary e-commerce packaging,ROW,97,High,81.0,49.0,209.0,5.0,0.85,0.53,61.0,90.0,5.0,3.0,3.0,3.06,99778.0,745.0,86.0
MAT_0187,Plastic Totes & Pallets,Plastic,"Industrial Components, Heavy Machinery, Automotive Parts",Closed-loop logistics and bulk material handling,AMERICAS,90,Medium,48.0,93.0,33525.0,11.0,1.15,1.53,82.0,90.0,7.0,8.0,6.0,15.74,52785.0,1083.0,93.0
MAT_0188,Foldable & Stackable Containers,Plastic,"Electronics, Medium-Value Goods, Retail Logistics",Cross-docking and returnable packaging programs,APAC,85,Medium,44.0,87.0,35850.0,13.0,1.08,1.48,79.0,83.0,9.0,8.0,8.0,11.55,59371.0,1147.0,89.0
MAT_0189,Steel Racks & Containers,Steel,"Heavy Industrial Components, High-Security Goods","Secure, high-load international shipping and long-term storage",ROW,94,High,72.0,99.0,103598.0,8.0,3.48,2.83,85.0,76.0,8.0,9.0,9.0,24.62,21703.0,5063.0,90.0
MAT_0190,Plastic Totes & Pallets,Plastic,"Industrial Components, Heavy Machinery, Automotive Parts",Closed-loop logistics and bulk material handling,EMEA,95,Medium,49.0,94.0,76964.0,10.0,1.21,1.45,78.0,82.0,8.0,9.0,6.0,14.65,49673.0,998.0,92.0
MAT_0191,Plastic Totes & Pallets,Plastic,"Industrial Components, Heavy Machinery, Automotive Parts",Closed-loop logistics and bulk material handling,EMEA,91,Medium,50.0,96.0,40050.0,10.0,1.08,1.48,81.0,90.0,7.0,7.0,6.0,15.25,50106.0,1088.0,96.0
MAT_0192,Bubble Wrap (Minimal Use),Plastic,"Low-Value Goods, Secondary Protection for Non-Fragile Items",Surface protection during transit; minimal void-fill,APAC,62,Medium,23.0,12.0,74533.0,25.0,1.95,1.52,28.0,59.0,8.0,7.0,7.0,1.5,30291.0,257.0,67.0
MAT_0193,Cardboard Boxes,Cardboard,"E-commerce, Food & Beverage, Consumer Goods, Apparel",Last-mile delivery and primary e-commerce packaging,EU,98,High,77.0,48.0,252.0,5.0,0.88,0.54,64.0,91.0,6.0,4.0,4.0,2.78,100650.0,782.0,85.0
MAT_0194,Foldable & Stackable Containers,Plastic,"Electronics, Medium-Value Goods, Retail Logistics",Cross-docking and returnable packaging programs,APAC,86,Medium,41.0,86.0,52150.0,13.0,1.07,1.46,79.0,83.0,8.0,9.0,6.0,12.72,59942.0,1268.0,90.0
MAT_0195,Steel Racks & Containers,Steel,"Heavy Industrial Components, High-Security Goods","Secure, high-load international shipping and long-term storage",AMERICAS,88,High,73.0,98.0,157790.0,7.0,3.67,3.13,83.0,72.0,8.0,10.0,9.0,24.33,20573.0,4938.0,91.0
MAT_0196,Cardboard Boxes,Cardboard,"E-commerce, Food & Beverage, Consumer Goods, Apparel",Last-mile delivery and primary e-commerce packaging,ROW,97,High,78.0,51.0,332.0,6.0,0.85,0.52,65.0,86.0,4.0,3.0,3.0,2.94,102220.0,740.0,84.0
MAT_0197,Protective Fillers (Paper/Biodegradable),Paper/Bio-Based,"Fragile Items, Cosmetics, Pharmaceuticals, Internal Component Protection",Void-fill and cushioning for fragile products,ROW,100,High,88.0,34.0,179.0,3.0,0.56,0.3,69.0,96.0,2.0,3.0,4.0,2.5,76742.0,674.0,78.0
MAT_0198,Plastic Totes & Pallets,Plastic,"Industrial Components, Heavy Machinery, Automotive Parts",Closed-loop logistics and bulk material handling,EMEA,94,Medium,47.0,93.0,33532.0,10.0,1.15,1.47,80.0,91.0,9.0,7.0,6.0,14.4,51174.0,959.0,97.0
MAT_0199,Cardboard Boxes,Cardboard,"E-commerce, Food & Beverage, Consumer Goods, Apparel",Last-mile delivery and primary e-commerce packaging,LATAM,96,High,84.0,47.0,355.0,5.0,0.72,0.47,59.0,90.0,5.0,3.0,3.0,3.05,102073.0,901.0,91.0
MAT_0200,Plastic Totes & Pallets,Plastic,"Industrial Components, Heavy Machinery, Automotive Parts",Closed-loop logistics and bulk material handling,ROW,87,Medium,50.0,95.0,31940.0,11.0,1.15,1.57,80.0,86.0,9.0,8.0,7.0,14.41,47587.0,975.0,89.0
MAT_0201,Foldable & Stackable Containers,Plastic,"Electronics, Medium-Value Goods, Retail Logistics",Cross-docking and returnable packaging programs,AMERICAS,82,Medium,41.0,89.0,69350.0,12.0,1.01,1.52,78.0,83.0,8.0,8.0,7.0,11.28,62593.0,1284.0,90.0
MAT_0202,Cardboard Boxes,Cardboard,"E-commerce, Food & Beverage, Consumer Goods, Apparel",Last-mile delivery and primary e-commerce packaging,AMERICAS,99,High,80.0,51.0,230.0,5.0,0.73,0.5,62.0,85.0,4.0,4.0,4.0,3.07,98791.0,732.0,83.0
MAT_0203,Cardboard Boxes,Cardboard,"E-commerce, Food & Beverage, Consumer Goods, Apparel",Last-mile delivery and primary e-commerce packaging,LATAM,100,High,78.0,47.0,157.0,5.0,0.92,0.53,58.0,90.0,4.0,3.0,3.0,2.77,100871.0,847.0,90.0
MAT_0204,Plastic Totes & Pallets,Plastic,"Industrial Components, Heavy Machinery, Automotive Parts",Closed-loop logistics and bulk material handling,LATAM,94,Medium,51.0,96.0,40031.0,10.0,1.13,1.44,79.0,83.0,9.0,9.0,7.0,14.59,44696.0,1041.0,98.0
MAT_0205,Foldable & Stackable Containers,Plastic,"Electronics, Medium-Value Goods, Retail Logistics",Cross-docking and returnable packaging programs,EU,94,Medium,42.0,94.0,46640.0,12.0,1.06,1.46,75.0,75.0,8.0,8.0,8.0,11.69,54650.0,1189.0,88.0
MAT_0206,Plastic Totes & Pallets,Plastic,"Industrial Components, Heavy Machinery, Automotive Parts",Closed-loop logistics and bulk material handling,APAC,90,Medium,47.0,97.0,41427.0,10.0,1.18,1.45,82.0,87.0,9.0,7.0,6.0,15.76,48866.0,1053.0,97.0
MAT_0207,Bubble Wrap (Minimal Use),Plastic,"Low-Value Goods, Secondary Protection for Non-Fragile Items",Surface protection during transit; minimal void-fill,ROW,68,Medium,30.0,12.0,65985.0,25.0,2.05,1.57,32.0,63.0,8.0,9.0,6.0,1.86,30397.0,298.0,69.0
MAT_0208,Foldable & Stackable Containers,Plastic,"Electronics, Medium-Value Goods, Retail Logistics",Cross-docking and returnable packaging programs,LATAM,84,Medium,40.0,92.0,60408.0,12.0,1.06,1.43,76.0,77.0,9.0,8.0,7.0,12.01,57077.0,1087.0,88.0
MAT_0209,Steel Racks & Containers,Steel,"Heavy Industrial Components, High-Security Goods","Secure, high-load international shipping and long-term storage",APAC,97,High,70.0,98.0,90587.0,8.0,3.58,3.13,83.0,76.0,8.0,10.0,10.0,25.43,21272.0,4976.0,93.0
MAT_0210,Plastic Totes & Pallets,Plastic,"Industrial Components, Heavy Machinery, Automotive Parts",Closed-loop logistics and bulk material handling,APAC,90,Medium,52.0,99.0,25270.0,10.0,1.18,1.42,80.0,82.0,7.0,7.0,7.0,14.28,48512.0,1065.0,95.0
MAT_0211,Cardboard Boxes,Cardboard,"E-commerce, Food & Beverage, Consumer Goods, Apparel",Last-mile delivery and primary e-commerce packaging,EMEA,100,High,77.0,48.0,154.0,5.0,0.76,0.51,60.0,91.0,5.0,4.0,4.0,2.98,103323.0,737.0,85.0
MAT_0212,Protective Fillers (Paper/Biodegradable),Paper/Bio-Based,"Fragile Items, Cosmetics, Pharmaceuticals, Internal Component Protection",Void-fill and cushioning for fragile products,AMERICAS,100,High,85.0,32.0,104.0,2.0,0.47,0.3,64.0,95.0,3.0,2.0,3.0,1.83,78051.0,715.0,84.0
MAT_0213,Cardboard Boxes,Cardboard,"E-commerce, Food & Beverage, Consumer Goods, Apparel",Last-mile delivery and primary e-commerce packaging,ROW,96,High,81.0,50.0,201.0,5.0,0.74,0.51,61.0,90.0,5.0,4.0,4.0,2.6,99953.0,717.0,85.0
MAT_0214,Foldable & Stackable Containers,Plastic,"Electronics, Medium-Value Goods, Retail Logistics",Cross-docking and returnable packaging programs,APAC,84,Medium,42.0,89.0,50911.0,11.0,0.92,1.38,77.0,82.0,7.0,8.0,8.0,11.34,60692.0,1224.0,90.0
MAT_0215,Plastic Totes & Pallets,Plastic,"Industrial Components, Heavy Machinery, Automotive Parts",Closed-loop logistics and bulk material handling,LATAM,82,Medium,48.0,93.0,29304.0,11.0,1.18,1.52,79.0,83.0,7.0,9.0,7.0,15.11,51095.0,966.0,93.0
MAT_0216,Cardboard Boxes,Cardboard,"E-commerce, Food & Beverage, Consumer Goods, Apparel",Last-mile delivery and primary e-commerce packaging,APAC,97,High,75.0,44.0,211.0,5.0,0.85,0.5,61.0,89.0,5.0,4.0,4.0,3.77,98647.0,753.0,93.0
MAT_0217,Plastic Totes & Pallets,Plastic,"Industrial Components, Heavy Machinery, Automotive Parts",Closed-loop logistics and bulk material handling,LATAM,93,Medium,50.0,97.0,32911.0,10.0,1.2,1.52,80.0,90.0,8.0,7.0,7.0,14.55,46054.0,1003.0,100.0
MAT_0218,Protective Fillers (Paper/Biodegradable),Paper/Bio-Based,"Fragile Items, Cosmetics, Pharmaceuticals, Internal Component Protection",Void-fill and cushioning for fragile products,LATAM,100,High,92.0,30.0,141.0,3.0,0.5,0.3,65.0,93.0,2.0,2.0,3.0,1.6,73892.0,525.0,85.0
MAT_0219,Plastic Totes & Pallets,Plastic,"Industrial Components, Heavy Machinery, Automotive Parts",Closed-loop logistics and bulk material handling,EMEA,95,Medium,50.0,96.0,25244.0,11.0,1.18,1.46,78.0,82.0,8.0,7.0,7.0,14.41,49673.0,995.0,86.0
MAT_0220,Cardboard Boxes,Cardboard,"E-commerce, Food & Beverage, Consumer Goods, Apparel",Last-mile delivery and primary e-commerce packaging,AMERICAS,99,High,78.0,50.0,197.0,5.0,0.77,0.48,59.0,83.0,5.0,4.0,4.0,3.87,96646.0,743.0,87.0
MAT_0221,Cardboard Boxes,Cardboard,"E-commerce, Food & Beverage, Consumer Goods, Apparel",Last-mile delivery and primary e-commerce packaging,EMEA,100,High,80.0,48.0,252.0,6.0,0.76,0.5,64.0,91.0,4.0,4.0,4.0,2.78,100650.0,782.0,85.0
MAT_0222,Foldable & Stackable Containers,Plastic,"Electronics, Medium-Value Goods, Retail Logistics",Cross-docking and returnable packaging programs,EU,95,Medium,42.0,87.0,37036.0,13.0,0.92,1.47,72.0,83.0,9.0,9.0,7.0,12.72,57467.0,1176.0,96.0
MAT_0223,Protective Fillers (Paper/Biodegradable),Paper/Bio-Based,"Fragile Items, Cosmetics, Pharmaceuticals, Internal Component Protection",Void-fill and cushioning for fragile products,LATAM,100,High,91.0,33.0,122.0,2.0,0.5,0.29,68.0,91.0,1.0,2.0,3.0,2.02,77375.0,549.0,85.0
MAT_0224,Cardboard Boxes,Cardboard,"E-commerce, Food & Beverage, Consumer Goods, Apparel",Last-mile delivery and primary e-commerce packaging,APAC,96,High,82.0,50.0,154.0,5.0,0.85,0.5,60.0,90.0,5.0,3.0,4.0,3.22,96860.0,862.0,86.0
MAT_0225,Bubble Wrap (Minimal Use),Plastic,"Low-Value Goods, Secondary Protection for Non-Fragile Items",Surface protection during transit; minimal void-fill,LATAM,73,Medium,30.0,12.0,31602.0,26.0,1.96,1.4,30.0,56.0,9.0,7.0,6.0,1.42,31018.0,171.0,70.0
MAT_0226,Foldable & Stackable Containers,Plastic,"Electronics, Medium-Value Goods, Retail Logistics",Cross-docking and returnable packaging programs,APAC,85,Medium,38.0,87.0,52407.0,12.0,0.92,1.47,75.0,81.0,9.0,9.0,7.0,12.45,56902.0,1222.0,97.0
MAT_0227,Cardboard Boxes,Cardboard,"E-commerce, Food & Beverage, Consumer Goods, Apparel",Last-mile delivery and primary e-commerce packaging,APAC,99,High,83.0,49.0,275.0,6.0,0.81,0.5,65.0,89.0,5.0,3.0,5.0,3.18,100778.0,819.0,92.0
MAT_0228,Cardboard Boxes,Cardboard,"E-commerce, Food & Beverage, Consumer Goods, Apparel",Last-mile delivery and primary e-commerce packaging,EU,100,High,80.0,50.0,230.0,5.0,0.73,0.49,60.0,85.0,5.0,5.0,4.0,3.07,98791.0,732.0,83.0
MAT_0229,Plastic Totes & Pallets,Plastic,"Industrial Components, Heavy Machinery, Automotive Parts",Closed-loop logistics and bulk material handling,LATAM,90,Medium,48.0,99.0,42997.0,10.0,1.21,1.52,76.0,82.0,9.0,7.0,7.0,14.94,48860.0,978.0,86.0
MAT_0230,Steel Racks & Containers,Steel,"Heavy Industrial Components, High-Security Goods","Secure, high-load international shipping and long-term storage",AMERICAS,88,High,71.0,97.0,99557.0,8.0,3.6,3.02,83.0,73.0,9.0,9.0,10.0,25.68,19707.0,5063.0,94.0
MAT_0231,Cardboard Boxes,Cardboard,"E-commerce, Food & Beverage, Consumer Goods, Apparel",Last-mile delivery and primary e-commerce packaging,AMERICAS,97,High,77.0,48.0,250.0,5.0,0.72,0.5,61.0,90.0,5.0,4.0,4.0,3.39,100328.0,741.0,87.0
MAT_0232,Protective Fillers (Paper/Biodegradable),Paper/Bio-Based,"Fragile Items, Cosmetics, Pharmaceuticals, Internal Component Protection",Void-fill and cushioning for fragile products,LATAM,100,High,88.0,29.0,133.0,3.0,0.52,0.29,66.0,98.0,2.0,2.0,3.0,1.76,75226.0,663.0,82.0
MAT_0233,Foldable & Stackable Containers,Plastic,"Electronics, Medium-Value Goods, Retail Logistics",Cross-docking and returnable packaging programs,LATAM,84,Medium,41.0,86.0,52150.0,13.0,1.06,1.48,77.0,78.0,7.0,9.0,8.0,12.72,59942.0,1268.0,90.0
MAT_0234,Bubble Wrap (Minimal Use),Plastic,"Low-Value Goods, Secondary Protection for Non-Fragile Items",Surface protection during transit; minimal void-fill,APAC,62,Medium,23.0,12.0,74533.0,25.0,1.99,1.52,32.0,60.0,7.0,8.0,6.0,1.5,30291.0,257.0,67.0
MAT_0235,Cardboard Boxes,Cardboard,"E-commerce, Food & Beverage, Consumer Goods, Apparel",Last-mile delivery and primary e-commerce packaging,EMEA,100,High,81.0,50.0,201.0,5.0,0.85,0.53,60.0,89.0,6.0,3.0,4.0,2.6,99953.0,717.0,85.0
MAT_0236,Plastic Totes & Pallets,Plastic,"Industrial Components, Heavy Machinery, Automotive Parts",Closed-loop logistics and bulk material handling,AMERICAS,86,Medium,50.0,96.0,25270.0,11.0,1.15,1.56,76.0,82.0,8.0,8.0,7.0,14.28,48512.0,1065.0,95.0
MAT_0237,Cardboard Boxes,Cardboard,"E-commerce, Food & Beverage, Consumer Goods, Apparel",Last-mile delivery and primary e-commerce packaging,LATAM,98,High,77.0,46.0,169.0,5.0,0.78,0.5,58.0,87.0,6.0,4.0,5.0,2.82,96624.0,825.0,90.0
MAT_0238,Cardboard Boxes,Cardboard,"E-commerce, Food & Beverage, Consumer Goods, Apparel",Last-mile delivery and primary e-commerce packaging,AMERICAS,99,High,81.0,52.0,242.0,5.0,0.79,0.53,60.0,90.0,5.0,4.0,4.0,3.14,103063.0,782.0,88.0
MAT_0239,Foldable & Stackable Containers,Plastic,"Electronics, Medium-Value Goods, Retail Logistics",Cross-docking and returnable packaging programs,LATAM,84,Medium,36.0,94.0,40250.0,13.0,0.92,1.52,79.0,78.0,9.0,9.0,6.0,11.84,60648.0,1118.0,96.0
MAT_0240,Plastic Totes & Pallets,Plastic,"Industrial Components, Heavy Machinery, Automotive Parts",Closed-loop logistics and bulk material handling,EU,86,Medium,50.0,95.0,31940.0,10.0,1.17,1.46,83.0,86.0,7.0,7.0,7.0,14.41,47587.0,975.0,89.0
MAT_0241,Plastic Totes & Pallets,Plastic,"Industrial Components, Heavy Machinery, Automotive Parts",Closed-loop logistics and bulk material handling,APAC,90,Medium,48.0,93.0,33525.0,11.0,1.18,1.43,80.0,90.0,8.0,7.0,7.0,15.74,52785.0,1053.0,97.0
MAT_0242,Cardboard Boxes,Cardboard,"E-commerce, Food & Beverage, Consumer Goods, Apparel",Last-mile delivery and primary e-commerce packaging,EU,100,High,82.0,53.0,291.0,5.0,0.78,0.5,59.0,93.0,5.0,4.0,4.0,2.81,97201.0,880.0,85.0
MAT_0243,Cardboard Boxes,Cardboard,"E-commerce, Food & Beverage, Consumer Goods, Apparel",Last-mile delivery and primary e-commerce packaging,LATAM,97,High,76.0,51.0,332.0,6.0,0.79,0.53,60.0,86.0,5.0,3.0,4.0,2.94,102220.0,740.0,84.0
MAT_0244,Steel Racks & Containers,Steel,"Heavy Industrial Components, High-Security Goods","Secure, high-load international shipping and long-term storage",AMERICAS,95,High,71.0,97.0,90587.0,8.0,3.58,3.15,83.0,76.0,8.0,9.0,8.0,25.43,21272.0,4976.0,93.0
MAT_0245,Protective Fillers (Paper/Biodegradable),Paper/Bio-Based,"Fragile Items, Cosmetics, Pharmaceuticals, Internal Component Protection",Void-fill and cushioning for fragile products,APAC,94,High,87.0,36.0,171.0,2.0,0.47,0.29,67.0,91.0,3.0,3.0,3.0,1.23,76655.0,523.0,78.0
MAT_0246,Plastic Totes & Pallets,Plastic,"Industrial Components, Heavy Machinery, Automotive Parts",Closed-loop logistics and bulk material handling,EMEA,90,Medium,48.0,94.0,76964.0,10.0,1.15,1.52,75.0,82.0,9.0,7.0,6.0,14.65,49673.0,998.0,92.0
MAT_0247,Foldable & Stackable Containers,Plastic,"Electronics, Medium-Value Goods, Retail Logistics",Cross-docking and returnable packaging programs,LATAM,87,Medium,44.0,87.0,35850.0,13.0,1.06,1.41,74.0,83.0,9.0,8.0,8.0,11.55,59371.0,1147.0,89.0
MAT_0248,Bubble Wrap (Minimal Use),Plastic,"Low-Value Goods, Secondary Protection for Non-Fragile Items",Surface protection during transit; minimal void-fill,EMEA,73,Medium,30.0,12.0,31602.0,25.0,2.05,1.48,31.0,56.0,8.0,7.0,7.0,1.42,31018.0,171.0,70.0
MAT_0249,Plastic Totes & Pallets,Plastic,"Industrial Components, Heavy Machinery, Automotive Parts",Closed-loop logistics and bulk material handling,ROW,94,Medium,50.0,96.0,40050.0,10.0,1.21,1.53,79.0,90.0,8.0,7.0,6.0,15.25,50106.0,1088.0,96.0
MAT_0250,Steel Racks & Containers,Steel,"Heavy Industrial Components, High-Security Goods","Secure, high-load international shipping and long-term storage",APAC,97,High,73.0,98.0,157790.0,8.0,3.48,2.8,85.0,73.0,9.0,10.0,10.0,24.33,20573.0,4938.0,91.0
MAT_0251,Cardboard Boxes,Cardboard,"E-commerce, Food & Beverage, Consumer Goods, Apparel",Last-mile delivery and primary e-commerce packaging,EU,98,High,77.0,48.0,250.0,6.0,0.72,0.48,61.0,90.0,4.0,4.0,5.0,3.39,100328.0,741.0,87.0
MAT_0252,Protective Fillers (Paper/Biodegradable),Paper/Bio-Based,"Fragile Items, Cosmetics, Pharmaceuticals, Internal Component Protection",Void-fill and cushioning for fragile products,AMERICAS,100,High,88.0,29.0,133.0,2.0,0.5,0.3,66.0,98.0,1.0,3.0,2.0,1.76,75226.0,663.0,82.0
MAT_0253,Plastic Totes & Pallets,Plastic,"Industrial Components, Heavy Machinery, Automotive Parts",Closed-loop logistics and bulk material handling,AMERICAS,92,Medium,48.0,99.0,42997.0,10.0,1.15,1.38,80.0,82.0,8.0,8.0,7.0,14.94,48860.0,978.0,86.0
MAT_0254,Cardboard Boxes,Cardboard,"E-commerce, Food & Beverage, Consumer Goods, Apparel",Last-mile delivery and primary e-commerce packaging,ROW,100,High,78.0,47.0,157.0,5.0,0.76,0.49,61.0,90.0,6.0,3.0,4.0,2.77,100871.0,847.0,90.0
MAT_0255,Plastic Totes & Pallets,Plastic,"Industrial Components, Heavy Machinery, Automotive Parts",Closed-loop logistics and bulk material handling,EU,88,Medium,47.0,97.0,33532.0,10.0,1.06,1.44,79.0,91.0,7.0,8.0,6.0,14.4,51174.0,959.0,97.0
MAT_0256,Foldable & Stackable Containers,Plastic,"Electronics, Medium-Value Goods, Retail Logistics",Cross-docking and returnable packaging programs,ROW,87,Medium,36.0,92.0,10935.0,13.0,0.95,1.56,76.0,81.0,8.0,7.0,7.0,12.59,62098.0,1250.0,91.0
MAT_0257,Cardboard Boxes,Cardboard,"E-commerce, Food & Beverage, Consumer Goods, Apparel",Last-mile delivery and primary e-commerce packaging,APAC,97,High,76.0,51.0,332.0,6.0,0.73,0.5,60.0,86.0,5.0,4.0,4.0,2.94,102220.0,740.0,84.0
MAT_0258,Plastic Totes & Pallets,Plastic,"Industrial Components, Heavy Machinery, Automotive Parts",Closed-loop logistics and bulk material handling,ROW,90,Medium,50.0,95.0,30911.0,10.0,1.21,1.5,81.0,85.0,9.0,7.0,6.0,14.68,52156.0,1010.0,95.0
MAT_0259,Protective Fillers (Paper/Biodegradable),Paper/Bio-Based,"Fragile Items, Cosmetics, Pharmaceuticals, Internal Component Protection",Void-fill and cushioning for fragile products,AMERICAS,99,High,89.0,31.0,104.0,2.0,0.52,0.31,66.0,91.0,2.0,3.0,2.0,1.96,75069.0,637.0,79.0
MAT_0260,Cardboard Boxes,Cardboard,"E-commerce, Food & Beverage, Consumer Goods, Apparel",Last-mile delivery and primary e-commerce packaging,EMEA,94,High,79.0,48.0,154.0,5.0,0.92,0.53,59.0,90.0,5.0,5.0,4.0,3.22,96860.0,862.0,86.0
MAT_0261,Bubble Wrap (Minimal Use),Plastic,"Low-Value Goods, Secondary Protection for Non-Fragile Items",Surface protection during transit; minimal void-fill,EU,76,Medium,30.0,8.0,64044.0,25.0,2.14,1.44,32.0,60.0,9.0,7.0,7.0,1.18,27055.0,315.0,72.0
MAT_0262,Plastic Totes & Pallets,Plastic,"Industrial Components, Heavy Machinery, Automotive Parts",Closed-loop logistics and bulk material handling,ROW,95,Medium,50.0,96.0,25244.0,11.0,1.14,1.42,80.0,82.0,8.0,7.0,7.0,14.41,49673.0,995.0,86.0
MAT_0263,Cardboard Boxes,Cardboard,"E-commerce, Food & Beverage, Consumer Goods, Apparel",Last-mile delivery and primary e-commerce packaging,EMEA,100,High,81.0,52.0,242.0,5.0,0.79,0.53,63.0,93.0,6.0,3.0,5.0,3.14,103063.0,782.0,88.0
MAT_0264,Foldable & Stackable Containers,Plastic,"Electronics, Medium-Value Goods, Retail Logistics",Cross-docking and returnable packaging programs,APAC,84,Medium,41.0,89.0,69350.0,13.0,1.06,1.46,72.0,83.0,7.0,9.0,8.0,11.28,62593.0,1284.0,90.0
MAT_0265,Protective Fillers (Paper/Biodegradable),Paper/Bio-Based,"Fragile Items, Cosmetics, Pharmaceuticals, Internal Component Protection",Void-fill and cushioning for fragile products,EMEA,100,High,92.0,30.0,141.0,3.0,0.5,0.3,65.0,93.0,3.0,3.0,3.0,1.6,73892.0,525.0,85.0
MAT_0266,Cardboard Boxes,Cardboard,"E-commerce, Food & Beverage, Consumer Goods, Apparel",Last-mile delivery and primary e-commerce packaging,LATAM,94,High,79.0,48.0,154.0,5.0,0.92,0.51,60.0,90.0,6.0,3.0,4.0,3.22,96860.0,862.0,86.0
MAT_0267,Foldable & Stackable Containers,Plastic,"Electronics, Medium-Value Goods, Retail Logistics",Cross-docking and returnable packaging programs,EMEA,82,Medium,41.0,86.0,52150.0,13.0,0.92,1.42,76.0,78.0,9.0,8.0,8.0,12.72,59942.0,1268.0,90.0
MAT_0268,Plastic Totes & Pallets,Plastic,"Industrial Components, Heavy Machinery, Automotive Parts",Closed-loop logistics and bulk material handling,AMERICAS,90,Medium,48.0,93.0,33525.0,10.0,1.21,1.52,79.0,90.0,8.0,7.0,7.0,15.74,52785.0,1053.0,97.0
MAT_0269,Steel Racks & Containers,Steel,"Heavy Industrial Components, High-Security Goods","Secure, high-load international shipping and long-term storage",AMERICAS,97,High,72.0,99.0,103598.0,8.0,3.56,2.97,85.0,76.0,9.0,9.0,9.0,24.62,21703.0,5063.0,90.0
MAT_0270,Cardboard Boxes,Cardboard,"E-commerce, Food & Beverage, Consumer Goods, Apparel",Last-mile delivery and primary e-commerce packaging,EU,99,High,78.0,50.0,197.0,5.0,0.85,0.51,61.0,83.0,6.0,4.0,5.0,3.87,96646.0,743.0,87.0
MAT_0271,Foldable & Stackable Containers,Plastic,"Electronics, Medium-Value Goods, Retail Logistics",Cross-docking and returnable packaging programs,AMERICAS,95,Medium,42.0,94.0,46640.0,12.0,0.98,1.5,74.0,75.0,9.0,9.0,7.0,11.69,54650.0,1189.0,88.0
MAT_0272,Plastic Totes & Pallets,Plastic,"Industrial Components, Heavy Machinery, Automotive Parts",Closed-loop logistics and bulk material handling,ROW,92,Medium,48.0,99.0,42997.0,10.0,1.15,1.52,78.0,82.0,7.0,7.0,6.0,14.94,48860.0,978.0,86.0
MAT_0273,Cardboard Boxes,Cardboard,"E-commerce, Food & Beverage, Consumer Goods, Apparel",Last-mile delivery and primary e-commerce packaging,AMERICAS,98,High,77.0,46.0,169.0,4.0,0.72,0.52,61.0,87.0,5.0,3.0,4.0,2.82,96624.0,825.0,90.0
MAT_0274,Cardboard Boxes,Cardboard,"E-commerce, Food & Beverage, Consumer Goods, Apparel",Last-mile delivery and primary e-commerce packaging,LATAM,100,High,77.0,53.0,153.0,5.0,0.85,0.5,60.0,84.0,5.0,4.0,4.0,2.83,101569.0,765.0,86.0
MAT_0275,Foldable & Stackable Containers,Plastic,"Electronics, Medium-Value Goods, Retail Logistics",Cross-docking and returnable packaging programs,ROW,87,Medium,44.0,87.0,35850.0,13.0,1.06,1.48,79.0,83.0,8.0,8.0,7.0,11.55,59371.0,1147.0,89.0
MAT_0276,Plastic Totes & Pallets,Plastic,"Industrial Components, Heavy Machinery, Automotive Parts",Closed-loop logistics and bulk material handling,AMERICAS,88,Medium,50.0,96.0,40050.0,10.0,1.18,1.52,79.0,90.0,7.0,8.0,7.0,15.25,50106.0,1088.0,96.0
MAT_0277,Cardboard Boxes,Cardboard,"E-commerce, Food & Beverage, Consumer Goods, Apparel",Last-mile delivery and primary e-commerce packaging,EU,100,High,81.0,50.0,209.0,5.0,0.73,0.51,64.0,91.0,5.0,4.0,4.0,3.06,99778.0,745.0,86.0
MAT_0278,Foldable & Stackable Containers,Plastic,"Electronics, Medium-Value Goods, Retail Logistics",Cross-docking and returnable packaging programs,APAC,87,Medium,40.0,92.0,60408.0,12.0,1.06,1.55,75.0,77.0,8.0,7.0,7.0,12.01,57077.0,1087.0,88.0
MAT_0279,Plastic Totes & Pallets,Plastic,"Industrial Components, Heavy Machinery, Automotive Parts",Closed-loop logistics and bulk material handling,LATAM,94,Medium,50.0,96.0,25244.0,11.0,1.18,1.41,78.0,82.0,9.0,7.0,6.0,14.41,49673.0,995.0,86.0
MAT_0280,Steel Racks & Containers,Steel,"Heavy Industrial Components, High-Security Goods","Secure, high-load international shipping and long-term storage",LATAM,96,High,73.0,98.0,157790.0,7.0,3.67,3.02,83.0,72.0,8.0,10.0,9.0,24.33,20573.0,4938.0,91.0
MAT_0281,Cardboard Boxes,Cardboard,"E-commerce, Food & Beverage, Consumer Goods, Apparel",Last-mile delivery and primary e-commerce packaging,AMERICAS,96,High,78.0,50.0,197.0,6.0,0.85,0.5,59.0,83.0,4.0,4.0,5.0,3.87,96646.0,743.0,87.0
MAT_0282,Plastic Totes & Pallets,Plastic,"Industrial Components, Heavy Machinery, Automotive Parts",Closed-loop logistics and bulk material handling,EMEA,90,Medium,50.0,95.0,30911.0,10.0,1.2,1.55,81.0,85.0,7.0,7.0,6.0,14.68,52156.0,1010.0,95.0
MAT_0283,Cardboard Boxes,Cardboard,"E-commerce, Food & Beverage, Consumer Goods, Apparel",Last-mile delivery and primary e-commerce packaging,APAC,99,High,82.0,53.0,291.0,5.0,0.73,0.51,60.0,93.0,6.0,4.0,4.0,2.81,97201.0,880.0,85.0
MAT_0284,Foldable & Stackable Containers,Plastic,"Electronics, Medium-Value Goods, Retail Logistics",Cross-docking and returnable packaging programs,AMERICAS,85,Medium,38.0,87.0,52407.0,12.0,0.92,1.52,78.0,81.0,8.0,9.0,8.0,12.45,56902.0,1222.0,97.0
MAT_0285,Cardboard Boxes,Cardboard,"E-commerce, Food & Beverage, Consumer Goods, Apparel",Last-mile delivery and primary e-commerce packaging,LATAM,98,High,79.0,48.0,154.0,5.0,0.85,0.53,59.0,90.0,5.0,3.0,3.0,3.22,96860.0,862.0,86.0
MAT_0286,Plastic Totes & Pallets,Plastic,"Industrial Components, Heavy Machinery, Automotive Parts",Closed-loop logistics and bulk material handling,ROW,92,Medium,48.0,93.0,29304.0,10.0,1.12,1.52,79.0,83.0,8.0,7.0,7.0,15.11,51095.0,966.0,93.0
MAT_0287,Cardboard Boxes,Cardboard,"E-commerce, Food & Beverage, Consumer Goods, Apparel",Last-mile delivery and primary e-commerce packaging,EU,98,High,77.0,48.0,250.0,5.0,0.72,0.47,62.0,90.0,5.0,5.0,4.0,3.39,100328.0,741.0,87.0
MAT_0288,Foldable & Stackable Containers,Plastic,"Electronics, Medium-Value Goods, Retail Logistics",Cross-docking and returnable packaging programs,ROW,88,Medium,41.0,89.0,69350.0,13.0,1.01,1.57,75.0,83.0,9.0,8.0,8.0,11.28,62593.0,1284.0,90.0
MAT_0289,Cardboard Boxes,Cardboard,"E-commerce, Food & Beverage, Consumer Goods, Apparel",Last-mile delivery and primary e-commerce packaging,AMERICAS,100,High,78.0,47.0,157.0,5.0,0.92,0.52,61.0,90.0,4.0,3.0,3.0,2.77,100871.0,847.0,90.0
MAT_0290,Plastic Totes & Pallets,Plastic,"Industrial Components, Heavy Machinery, Automotive Parts",Closed-loop logistics and bulk material handling,LATAM,87,Medium,47.0,93.0,33532.0,11.0,1.15,1.5,82.0,91.0,7.0,8.0,6.0,14.4,51174.0,959.0,97.0
MAT_0291,Foldable & Stackable Containers,Plastic,"Electronics, Medium-Value Goods, Retail Logistics",Cross-docking and returnable packaging programs,APAC,82,Medium,41.0,86.0,52150.0,12.0,1.07,1.48,76.0,78.0,7.0,9.0,8.0,12.72,59942.0,1268.0,90.0
MAT_0292,Cardboard Boxes,Cardboard,"E-commerce, Food & Beverage, Consumer Goods, Apparel",Last-mile delivery and primary e-commerce packaging,LATAM,100,High,81.0,50.0,201.0,6.0,0.73,0.53,60.0,89.0,5.0,3.0,3.0,2.6,99953.0,717.0,85.0
MAT_0293,Plastic Totes & Pallets,Plastic,"Industrial Components, Heavy Machinery, Automotive Parts",Closed-loop logistics and bulk material handling,ROW,88,Medium,49.0,94.0,76964.0,10.0,1.19,1.4,75.0,82.0,8.0,7.0,6.0,14.65,49673.0,998.0,92.0
MAT_0294,Cardboard Boxes,Cardboard,"E-commerce, Food & Beverage, Consumer Goods, Apparel",Last-mile delivery and primary e-commerce packaging,EMEA,97,High,76.0,51.0,332.0,5.0,0.79,0.5,60.0,86.0,6.0,4.0,5.0,2.94,102220.0,740.0,84.0
MAT_0295,Foldable & Stackable Containers,Plastic,"Electronics, Medium-Value Goods, Retail Logistics",Cross-docking and returnable packaging programs,ROW,87,Medium,44.0,87.0,35850.0,13.0,1.08,1.48,79.0,83.0,9.0,8.0,8.0,11.55,59371.0,1147.0,89.0
MAT_0296,Plastic Totes & Pallets,Plastic,"Industrial Components, Heavy Machinery, Automotive Parts",Closed-loop logistics and bulk material handling,EU,85,Medium,48.0,93.0,29304.0,11.0,1.12,1.5,81.0,83.0,7.0,7.0,7.0,15.11,51095.0,966.0,93.0
MAT_0297,Cardboard Boxes,Cardboard,"E-commerce, Food & Beverage, Consumer Goods, Apparel",Last-mile delivery and primary e-commerce packaging,APAC,99,High,82.0,53.0,291.0,5.0,0.73,0.53,60.0,93.0,4.0,4.0,4.0,2.81,97201.0,880.0,85.0
MAT_0298,Foldable & Stackable Containers,Plastic,"Electronics, Medium-Value Goods, Retail Logistics",Cross-docking and returnable packaging programs,LATAM,95,Medium,42.0,94.0,46640.0,12.0,0.92,1.5,74.0,75.0,8.0,8.0,8.0,11.69,54650.0,1189.0,88.0
MAT_0299,Plastic Totes & Pallets,Plastic,"Industrial Components, Heavy Machinery, Automotive Parts",Closed-loop logistics and bulk material handling,APAC,85,Medium,50.0,96.0,40050.0,10.0,1.21,1.44,79.0,90.0,9.0,7.0,6.0,15.25,50106.0,1088.0,96.0
MAT_0300,Cardboard Boxes,Cardboard,"E-commerce, Food & Beverage, Consumer Goods, Apparel",Last-mile delivery and primary e-commerce packaging,LATAM,99,High,78.0,50.0,197.0,5.0,0.77,0.49,61.0,83.0,6.0,3.0,4.0,3.87,96646.0,743.0,87.0
MAT_0301,Foldable & Stackable Containers,Plastic,"Electronics, Medium-Value Goods, Retail Logistics",Cross-docking and returnable packaging programs,EMEA,85,Medium,38.0,87.0,52407.0,12.0,1.01,1.43,75.0,81.0,9.0,8.0,7.0,12.45,56902.0,1222.0,97.0
MAT_0302,Plastic Totes & Pallets,Plastic,"Industrial Components, Heavy Machinery, Automotive Parts",Closed-loop logistics and bulk material handling,ROW,95,Medium,48.0,99.0,42997.0,11.0,1.22,1.52,80.0,82.0,7.0,8.0,6.0,14.94,48860.0,978.0,86.0
MAT_0303,Cardboard Boxes,Cardboard,"E-commerce, Food & Beverage, Consumer Goods, Apparel",Last-mile delivery and primary e-commerce packaging,EMEA,100,High,77.0,46.0,169.0,5.0,0.85,0.52,65.0,87.0,4.0,4.0,5.0,2.82,96624.0,825.0,90.0
MAT_0304,Foldable & Stackable Containers,Plastic,"Electronics, Medium-Value Goods, Retail Logistics",Cross-docking and returnable packaging programs,AMERICAS,82,Medium,40.0,92.0,60408.0,12.0,1.0,1.53,74.0,77.0,9.0,8.0,8.0,12.01,57077.0,1087.0,88.0
MAT_0305,Plastic Totes & Pallets,Plastic,"Industrial Components, Heavy Machinery, Automotive Parts",Closed-loop logistics and bulk material handling,EU,90,Medium,50.0,95.0,30911.0,11.0,1.15,1.5,82.0,85.0,8.0,7.0,7.0,14.68,52156.0,1010.0,95.0
MAT_0306,Cardboard Boxes,Cardboard,"E-commerce, Food & Beverage, Consumer Goods, Apparel",Last-mile delivery and primary e-commerce packaging,ROW,100,High,78.0,47.0,157.0,5.0,0.72,0.51,61.0,90.0,5.0,3.0,3.0,2.77,100871.0,847.0,90.0
MAT_0307,Foldable & Stackable Containers,Plastic,"Electronics, Medium-Value Goods, Retail Logistics",Cross-docking and returnable packaging programs,APAC,88,Medium,36.0,94.0,40250.0,12.0,0.96,1.45,77.0,78.0,9.0,9.0,6.0,11.84,60648.0,1118.0,96.0
MAT_0308,Plastic Totes & Pallets,Plastic,"Industrial Components, Heavy Machinery, Automotive Parts",Closed-loop logistics and bulk material handling,LATAM,87,Medium,49.0,94.0,76964.0,10.0,1.19,1.48,75.0,82.0,8.0,9.0,7.0,14.65,49673.0,998.0,92.0
MAT_0309,Cardboard Boxes,Cardboard,"E-commerce, Food & Beverage, Consumer Goods, Apparel",Last-mile delivery and primary e-commerce packaging,AMERICAS,100,High,81.0,50.0,209.0,6.0,0.79,0.51,60.0,91.0,4.0,4.0,4.0,3.06,99778.0,745.0,86.0
MAT_0310,Plastic Totes & Pallets,Plastic,"Industrial Components, Heavy Machinery, Automotive Parts",Closed-loop logistics and bulk material handling,ROW,90,Medium,47.0,97.0,33532.0,11.0,1.06,1.47,81.0,91.0,9.0,8.0,7.0,14.4,51174.0,959.0,97.0
MAT_0311,Cardboard Boxes,Cardboard,"E-commerce, Food & Beverage, Consumer Goods, Apparel",Last-mile delivery and primary e-commerce packaging,EU,99,High,79.0,48.0,154.0,5.0,0.85,0.51,60.0,90.0,6.0,3.0,5.0,3.22,96860.0,862.0,86.0
MAT_0312,Plastic Totes & Pallets,Plastic,"Industrial Components, Heavy Machinery, Automotive Parts",Closed-loop logistics and bulk material handling,APAC,85,Medium,48.0,93.0,29304.0,11.0,1.18,1.36,81.0,83.0,9.0,8.0,6.0,15.11,51095.0,966.0,93.0
MAT_0313,Cardboard Boxes,Cardboard,"E-commerce, Food & Beverage, Consumer Goods, Apparel",Last-mile delivery and primary e-commerce packaging,LATAM,100,High,82.0,53.0,291.0,5.0,0.78,0.5,60.0,93.0,5.0,3.0,3.0,2.81,97201.0,880.0,85.0
MAT_0314,Plastic Totes & Pallets,Plastic,"Industrial Components, Heavy Machinery, Automotive Parts",Closed-loop logistics and bulk material handling,AMERICAS,95,Medium,48.0,96.0,25244.0,11.0,1.18,1.49,79.0,82.0,7.0,8.0,7.0,14.41,49673.0,995.0,86.0
MAT_0315,Cardboard Boxes,Cardboard,"E-commerce, Food & Beverage, Consumer Goods, Apparel",Last-mile delivery and primary e-commerce packaging,EU,97,High,76.0,51.0,332.0,6.0,0.73,0.52,62.0,86.0,5.0,5.0,4.0,2.94,102220.0,740.0,84.0
MAT_0316,Plastic Totes & Pallets,Plastic,"Industrial Components, Heavy Machinery, Automotive Parts",Closed-loop logistics and bulk material handling,LATAM,88,Medium,50.0,96.0,40050.0,11.0,1.21,1.47,80.0,90.0,8.0,7.0,6.0,15.25,50106.0,1088.0,96.0
MAT_0317,Cardboard Boxes,Cardboard,"E-commerce, Food & Beverage, Consumer Goods, Apparel",Last-mile delivery and primary e-commerce packaging,AMERICAS,99,High,81.0,52.0,242.0,5.0,0.79,0.5,60.0,90.0,5.0,3.0,4.0,3.14,103063.0,782.0,88.0
MAT_0318,Plastic Totes & Pallets,Plastic,"Industrial Components, Heavy Machinery, Automotive Parts",Closed-loop logistics and bulk material handling,EU,85,Medium,50.0,97.0,32911.0,10.0,1.2,1.55,81.0,90.0,9.0,8.0,7.0,14.55,46054.0,1003.0,100.0
MAT_0319,Cardboard Boxes,Cardboard,"E-commerce, Food & Beverage, Consumer Goods, Apparel",Last-mile delivery and primary e-commerce packaging,ROW,98,High,77.0,46.0,169.0,4.0,0.78,0.51,60.0,87.0,6.0,3.0,3.0,2.82,96624.0,825.0,90.0
MAT_0320,Plastic Totes & Pallets,Plastic,"Industrial Components, Heavy Machinery, Automotive Parts",Closed-loop logistics and bulk material handling,APAC,90,Medium,50.0,95.0,30911.0,10.0,1.15,1.46,79.0,85.0,8.0,8.0,7.0,14.68,52156.0,1010.0,95.0
MAT_0321,Cardboard Boxes,Cardboard,"E-commerce, Food & Beverage, Consumer Goods, Apparel",Last-mile delivery and primary e-commerce packaging,AMERICAS,96,High,78.0,50.0,197.0,5.0,0.85,0.49,60.0,83.0,5.0,4.0,4.0,3.87,96646.0,743.0,87.0
MAT_0322,Plastic Totes & Pallets,Plastic,"Industrial Components, Heavy Machinery, Automotive Parts",Closed-loop logistics and bulk material handling,ROW,92,Medium,48.0,99.0,42997.0,11.0,1.15,1.46,78.0,82.0,8.0,8.0,7.0,14.94,48860.0,978.0,86.0
MAT_0323,Cardboard Boxes,Cardboard,"E-commerce, Food & Beverage, Consumer Goods, Apparel",Last-mile delivery and primary e-commerce packaging,EU,100,High,78.0,47.0,157.0,5.0,0.92,0.5,61.0,90.0,5.0,3.0,5.0,2.77,100871.0,847.0,90.0
MAT_0324,Plastic Totes & Pallets,Plastic,"Industrial Components, Heavy Machinery, Automotive Parts",Closed-loop logistics and bulk material handling,AMERICAS,88,Medium,47.0,93.0,33532.0,10.0,1.06,1.4,81.0,91.0,7.0,8.0,6.0,14.4,51174.0,959.0,97.0
MAT_0325,Cardboard Boxes,Cardboard,"E-commerce, Food & Beverage, Consumer Goods, Apparel",Last-mile delivery and primary e-commerce packaging,ROW,99,High,81.0,50.0,209.0,6.0,0.79,0.53,60.0,91.0,5.0,4.0,4.0,3.06,99778.0,745.0,86.0
MAT_0326,Plastic Totes & Pallets,Plastic,"Industrial Components, Heavy Machinery, Automotive Parts",Closed-loop logistics and bulk material handling,EMEA,90,Medium,49.0,94.0,76964.0,10.0,1.21,1.52,75.0,82.0,7.0,8.0,7.0,14.65,49673.0,998.0,92.0
MAT_0327,Cardboard Boxes,Cardboard,"E-commerce, Food & Beverage, Consumer Goods, Apparel",Last-mile delivery and primary e-commerce packaging,APAC,94,High,79.0,48.0,154.0,5.0,0.92,0.5,59.0,90.0,6.0,3.0,4.0,3.22,96860.0,862.0,86.0
MAT_0328,Plastic Totes & Pallets,Plastic,"Industrial Components, Heavy Machinery, Automotive Parts",Closed-loop logistics and bulk material handling,LATAM,85,Medium,48.0,93.0,29304.0,11.0,1.12,1.55,81.0,83.0,8.0,7.0,7.0,15.11,51095.0,966.0,93.0
MAT_0329,Cardboard Boxes,Cardboard,"E-commerce, Food & Beverage, Consumer Goods, Apparel",Last-mile delivery and primary e-commerce packaging,AMERICAS,97,High,76.0,51.0,332.0,6.0,0.79,0.51,62.0,86.0,5.0,3.0,4.0,2.94,102220.0,740.0,84.0
MAT_0330,Plastic Totes & Pallets,Plastic,"Industrial Components, Heavy Machinery, Automotive Parts",Closed-loop logistics and bulk material handling,EU,88,Medium,50.0,96.0,40050.0,11.0,1.15,1.53,80.0,90.0,8.0,7.0,7.0,15.25,50106.0,1088.0,96.0
MAT_0331,Cardboard Boxes,Cardboard,"E-commerce, Food & Beverage, Consumer Goods, Apparel",Last-mile delivery and primary e-commerce packaging,ROW,99,High,82.0,53.0,291.0,5.0,0.73,0.5,60.0,93.0,5.0,4.0,4.0,2.81,97201.0,880.0,85.0
MAT_0332,Plastic Totes & Pallets,Plastic,"Industrial Components, Heavy Machinery, Automotive Parts",Closed-loop logistics and bulk material handling,APAC,95,Medium,48.0,96.0,25244.0,11.0,1.21,1.5,78.0,82.0,7.0,8.0,6.0,14.41,49673.0,995.0,86.0
MAT_0333,Cardboard Boxes,Cardboard,"E-commerce, Food & Beverage, Consumer Goods, Apparel",Last-mile delivery and primary e-commerce packaging,LATAM,98,High,77.0,46.0,169.0,4.0,0.72,0.53,60.0,87.0,6.0,3.0,5.0,2.82,96624.0,825.0,90.0
MAT_0334,Plastic Totes & Pallets,Plastic,"Industrial Components, Heavy Machinery, Automotive Parts",Closed-loop logistics and bulk material handling,AMERICAS,88,Medium,47.0,97.0,33532.0,10.0,1.15,1.48,82.0,91.0,9.0,7.0,6.0,14.4,51174.0,959.0,97.0
MAT_0335,Cardboard Boxes,Cardboard,"E-commerce, Food & Beverage, Consumer Goods, Apparel",Last-mile delivery and primary e-commerce packaging,EU,96,High,78.0,50.0,197.0,5.0,0.77,0.47,60.0,83.0,5.0,5.0,3.0,3.87,96646.0,743.0,87.0
MAT_0336,Plastic Totes & Pallets,Plastic,"Industrial Components, Heavy Machinery, Automotive Parts",Closed-loop logistics and bulk material handling,ROW,90,Medium,50.0,95.0,30911.0,11.0,1.2,1.37,81.0,85.0,9.0,9.0,7.0,14.68,52156.0,1010.0,95.0
MAT_0337,Cardboard Boxes,Cardboard,"E-commerce, Food & Beverage, Consumer Goods, Apparel",Last-mile delivery and primary e-commerce packaging,AMERICAS,100,High,78.0,47.0,157.0,5.0,0.76,0.5,60.0,90.0,5.0,3.0,4.0,2.77,100871.0,847.0,90.0
MAT_0338,Plastic Totes & Pallets,Plastic,"Industrial Components, Heavy Machinery, Automotive Parts",Closed-loop logistics and bulk material handling,EU,94,Medium,50.0,96.0,40050.0,11.0,1.18,1.42,79.0,90.0,7.0,7.0,7.0,15.25,50106.0,1088.0,96.0
MAT_0339,Cardboard Boxes,Cardboard,"E-commerce, Food & Beverage, Consumer Goods, Apparel",Last-mile delivery and primary e-commerce packaging,ROW,94,High,79.0,48.0,154.0,5.0,0.85,0.53,59.0,90.0,5.0,3.0,3.0,3.22,96860.0,862.0,86.0
MAT_0340,Plastic Totes & Pallets,Plastic,"Industrial Components, Heavy Machinery, Automotive Parts",Closed-loop logistics and bulk material handling,AMERICAS,85,Medium,48.0,93.0,29304.0,11.0,1.18,1.52,81.0,83.0,7.0,9.0,6.0,15.11,51095.0,966.0,93.0
MAT_0341,Cardboard Boxes,Cardboard,"E-commerce, Food & Beverage, Consumer Goods, Apparel",Last-mile delivery and primary e-commerce packaging,EU,97,High,76.0,51.0,332.0,6.0,0.79,0.5,60.0,86.0,5.0,4.0,4.0,2.94,102220.0,740.0,84.0
MAT_0342,Plastic Totes & Pallets,Plastic,"Industrial Components, Heavy Machinery, Automotive Parts",Closed-loop logistics and bulk material handling,ROW,92,Medium,48.0,99.0,42997.0,10.0,1.21,1.48,76.0,82.0,8.0,7.0,7.0,14.94,48860.0,978.0,86.0
MAT_0343,Cardboard Boxes,Cardboard,"E-commerce, Food & Beverage, Consumer Goods, Apparel",Last-mile delivery and primary e-commerce packaging,AMERICAS,99,High,82.0,53.0,291.0,5.0,0.78,0.51,60.0,93.0,5.0,4.0,4.0,2.81,97201.0,880.0,85.0
MAT_0344,Plastic Totes & Pallets,Plastic,"Industrial Components, Heavy Machinery, Automotive Parts",Closed-loop logistics and bulk material handling,EU,88,Medium,47.0,97.0,33532.0,10.0,1.15,1.5,82.0,91.0,9.0,7.0,6.0,14.4,51174.0,959.0,97.0
MAT_0345,Cardboard Boxes,Cardboard,"E-commerce, Food & Beverage, Consumer Goods, Apparel",Last-mile delivery and primary e-commerce packaging,ROW,96,High,78.0,50.0,197.0,5.0,0.77,0.48,61.0,83.0,6.0,3.0,5.0,3.87,96646.0,743.0,87.0
MAT_0346,Plastic Totes & Pallets,Plastic,"Industrial Components, Heavy Machinery, Automotive Parts",Closed-loop logistics and bulk material handling,AMERICAS,90,Medium,49.0,94.0,76964.0,10.0,1.19,1.46,75.0,82.0,8.0,8.0,7.0,14.65,49673.0,998.0,92.0
MAT_0347,Cardboard Boxes,Cardboard,"E-commerce, Food & Beverage, Consumer Goods, Apparel",Last-mile delivery and primary e-commerce packaging,EU,100,High,77.0,46.0,169.0,4.0,0.72,0.51,62.0,87.0,5.0,3.0,3.0,2.82,96624.0,825.0,90.0
MAT_0348,Plastic Totes & Pallets,Plastic,"Industrial Components, Heavy Machinery, Automotive Parts",Closed-loop logistics and bulk material handling,ROW,95,Medium,48.0,96.0,25244.0,11.0,1.14,1.43,80.0,82.0,8.0,8.0,7.0,14.41,49673.0,995.0,86.0
MAT_0349,Cardboard Boxes,Cardboard,"E-commerce, Food & Beverage, Consumer Goods, Apparel",Last-mile delivery and primary e-commerce packaging,AMERICAS,98,High,79.0,48.0,154.0,5.0,0.85,0.5,59.0,90.0,5.0,3.0,4.0,3.22,96860.0,862.0,86.0
MAT_0350,Plastic Totes & Pallets,Plastic,"Industrial Components, Heavy Machinery, Automotive Parts",Closed-loop logistics and bulk material handling,EU,90,Medium,50.0,95.0,30911.0,10.0,1.15,1.46,79.0,85.0,9.0,7.0,6.0,14.68,52156.0,1010.0,95.0
MAT_0351,Cardboard Boxes,Cardboard,"E-commerce, Food & Beverage, Consumer Goods, Apparel",Last-mile delivery and primary e-commerce packaging,ROW,100,High,78.0,47.0,157.0,5.0,0.92,0.5,60.0,90.0,5.0,4.0,4.0,2.77,100871.0,847.0,90.0
MAT_0352,Plastic Totes & Pallets,Plastic,"Industrial Components, Heavy Machinery, Automotive Parts",Closed-loop logistics and bulk material handling,AMERICAS,88,Medium,50.0,96.0,40050.0,11.0,1.21,1.42,79.0,90.0,8.0,8.0,7.0,15.25,50106.0,1088.0,96.0
MAT_0353,Cardboard Boxes,Cardboard,"E-commerce, Food & Beverage, Consumer Goods, Apparel",Last-mile delivery and primary e-commerce packaging,EU,99,High,81.0,52.0,242.0,5.0,0.73,0.53,60.0,90.0,4.0,4.0,5.0,3.14,103063.0,782.0,88.0
MAT_0354,Plastic Totes & Pallets,Plastic,"Industrial Components, Heavy Machinery, Automotive Parts",Closed-loop logistics and bulk material handling,ROW,85,Medium,48.0,93.0,29304.0,11.0,1.18,1.4,81.0,83.0,7.0,9.0,6.0,15.11,51095.0,966.0,93.0
MAT_0355,Cardboard Boxes,Cardboard,"E-commerce, Food & Beverage, Consumer Goods, Apparel",Last-mile delivery and primary e-commerce packaging,AMERICAS,100,High,82.0,53.0,291.0,5.0,0.73,0.52,59.0,93.0,5.0,4.0,4.0,2.81,97201.0,880.0,85.0
MAT_0356,Plastic Totes & Pallets,Plastic,"Industrial Components, Heavy Machinery, Automotive Parts",Closed-loop logistics and bulk material handling,EU,87,Medium,47.0,97.0,33532.0,10.0,1.06,1.47,81.0,91.0,9.0,7.0,7.0,14.4,51174.0,959.0,97.0
MAT_0357,Cardboard Boxes,Cardboard,"E-commerce, Food & Beverage, Consumer Goods, Apparel",Last-mile delivery and primary e-commerce packaging,ROW,97,High,76.0,51.0,332.0,6.0,0.72,0.5,60.0,86.0,5.0,3.0,3.0,2.94,102220.0,740.0,84.0
MAT_0358,Plastic Totes & Pallets,Plastic,"Industrial Components, Heavy Machinery, Automotive Parts",Closed-loop logistics and bulk material handling,AMERICAS,92,Medium,48.0,99.0,42997.0,11.0,1.22,1.52,78.0,82.0,7.0,7.0,7.0,14.94,48860.0,978.0,86.0
MAT_0359,Cardboard Boxes,Cardboard,"E-commerce, Food & Beverage, Consumer Goods, Apparel",Last-mile delivery and primary e-commerce packaging,EU,96,High,78.0,50.0,197.0,5.0,0.85,0.49,61.0,83.0,4.0,4.0,5.0,3.87,96646.0,743.0,87.0
MAT_0360,Plastic Totes & Pallets,Plastic,"Industrial Components, Heavy Machinery, Automotive Parts",Closed-loop logistics and bulk material handling,ROW,90,Medium,49.0,94.0,76964.0,10.0,1.15,1.44,83.0,82.0,8.0,7.0,7.0,14.65,49673.0,998.0,92.0
MAT_0361,Cardboard Boxes,Cardboard,"E-commerce, Food & Beverage, Consumer Goods, Apparel",Last-mile delivery and primary e-commerce packaging,AMERICAS,100,High,77.0,46.0,169.0,4.0,0.78,0.52,61.0,87.0,5.0,3.0,3.0,2.82,96624.0,825.0,90.0
MAT_0362,Plastic Totes & Pallets,Plastic,"Industrial Components, Heavy Machinery, Automotive Parts",Closed-loop logistics and bulk material handling,EU,95,Medium,48.0,96.0,25244.0,11.0,1.21,1.5,80.0,82.0,8.0,8.0,7.0,14.41,49673.0,995.0,86.0
MAT_0363,Cardboard Boxes,Cardboard,"E-commerce, Food & Beverage, Consumer Goods, Apparel",Last-mile delivery and primary e-commerce packaging,ROW,98,High,79.0,48.0,154.0,5.0,0.92,0.51,60.0,90.0,6.0,3.0,4.0,3.22,96860.0,862.0,86.0
MAT_0364,Plastic Totes & Pallets,Plastic,"Industrial Components, Heavy Machinery, Automotive Parts",Closed-loop logistics and bulk material handling,AMERICAS,90,Medium,50.0,95.0,30911.0,10.0,1.2,1.54,79.0,85.0,9.0,7.0,6.0,14.68,52156.0,1010.0,95.0
MAT_0365,Cardboard Boxes,Cardboard,"E-commerce, Food & Beverage, Consumer Goods, Apparel",Last-mile delivery and primary e-commerce packaging,EU,100,High,78.0,47.0,157.0,5.0,0.76,0.53,60.0,90.0,5.0,4.0,4.0,2.77,100871.0,847.0,90.0
MAT_0366,Plastic Totes & Pallets,Plastic,"Industrial Components, Heavy Machinery, Automotive Parts",Closed-loop logistics and bulk material handling,ROW,88,Medium,50.0,96.0,40050.0,11.0,1.13,1.45,79.0,90.0,7.0,7.0,6.0,15.25,50106.0,1088.0,96.0
MAT_0367,Cardboard Boxes,Cardboard,"E-commerce, Food & Beverage, Consumer Goods, Apparel",Last-mile delivery and primary e-commerce packaging,AMERICAS,99,High,81.0,52.0,242.0,5.0,0.8,0.51,63.0,90.0,6.0,3.0,5.0,3.14,103063.0,782.0,88.0
MAT_0368,Plastic Totes & Pallets,Plastic,"Industrial Components, Heavy Machinery, Automotive Parts",Closed-loop logistics and bulk material handling,EU,85,Medium,48.0,93.0,29304.0,11.0,1.12,1.46,81.0,83.0,7.0,9.0,7.0,15.11,51095.0,966.0,93.0
MAT_0369,Cardboard Boxes,Cardboard,"E-commerce, Food & Beverage, Consumer Goods, Apparel",Last-mile delivery and primary e-commerce packaging,ROW,100,High,82.0,53.0,291.0,5.0,0.73,0.51,60.0,93.0,4.0,4.0,4.0,2.81,97201.0,880.0,85.0
MAT_0370,Plastic Totes & Pallets,Plastic,"Industrial Components, Heavy Machinery, Automotive Parts",Closed-loop logistics and bulk material handling,AMERICAS,87,Medium,47.0,97.0,33532.0,10.0,1.15,1.53,82.0,91.0,9.0,7.0,6.0,14.4,51174.0,959.0,97.0
MAT_0371,Cardboard Boxes,Cardboard,"E-commerce, Food & Beverage, Consumer Goods, Apparel",Last-mile delivery and primary e-commerce packaging,EU,97,High,76.0,51.0,332.0,6.0,0.79,0.52,60.0,86.0,5.0,4.0,4.0,2.94,102220.0,740.0,84.0
MAT_0372,Plastic Totes & Pallets,Plastic,"Industrial Components, Heavy Machinery, Automotive Parts",Closed-loop logistics and bulk material handling,ROW,92,Medium,48.0,99.0,42997.0,11.0,1.15,1.49,78.0,82.0,8.0,8.0,7.0,14.94,48860.0,978.0,86.0
MAT_0373,Cardboard Boxes,Cardboard,"E-commerce, Food & Beverage, Consumer Goods, Apparel",Last-mile delivery and primary e-commerce packaging,AMERICAS,96,High,78.0,50.0,197.0,5.0,0.77,0.48,61.0,83.0,5.0,5.0,3.0,3.87,96646.0,743.0,87.0
MAT_0374,Plastic Totes & Pallets,Plastic,"Industrial Components, Heavy Machinery, Automotive Parts",Closed-loop logistics and bulk material handling,EU,90,Medium,49.0,94.0,76964.0,10.0,1.19,1.41,75.0,82.0,7.0,8.0,6.0,14.65,49673.0,998.0,92.0
MAT_0375,Cardboard Boxes,Cardboard,"E-commerce, Food & Beverage, Consumer Goods, Apparel",Last-mile delivery and primary e-commerce packaging,ROW,98,High,77.0,46.0,169.0,4.0,0.72,0.53,60.0,87.0,6.0,3.0,5.0,2.82,96624.0,825.0,90.0
MAT_0376,Plastic Totes & Pallets,Plastic,"Industrial Components, Heavy Machinery, Automotive Parts",Closed-loop logistics and bulk material handling,AMERICAS,95,Medium,48.0,96.0,25244.0,11.0,1.21,1.5,80.0,82.0,8.0,7.0,7.0,14.41,49673.0,995.0,86.0
MAT_0377,Cardboard Boxes,Cardboard,"E-commerce, Food & Beverage, Consumer Goods, Apparel",Last-mile delivery and primary e-commerce packaging,EU,94,High,79.0,48.0,154.0,5.0,0.92,0.5,60.0,90.0,6.0,3.0,4.0,3.22,96860.0,862.0,86.0
MAT_0378,Plastic Totes & Pallets,Plastic,"Industrial Components, Heavy Machinery, Automotive Parts",Closed-loop logistics and bulk material handling,ROW,90,Medium,50.0,95.0,30911.0,10.0,1.2,1.46,79.0,85.0,7.0,7.0,6.0,14.68,52156.0,1010.0,95.0
MAT_0379,Cardboard Boxes,Cardboard,"E-commerce, Food & Beverage, Consumer Goods, Apparel",Last-mile delivery and primary e-commerce packaging,AMERICAS,100,High,78.0,47.0,157.0,5.0,0.76,0.51,61.0,90.0,5.0,4.0,4.0,2.77,100871.0,847.0,90.0
MAT_0380,Plastic Totes & Pallets,Plastic,"Industrial Components, Heavy Machinery, Automotive Parts",Closed-loop logistics and bulk material handling,EU,88,Medium,50.0,96.0,40050.0,11.0,1.13,1.46,79.0,90.0,8.0,8.0,7.0,15.25,50106.0,1088.0,96.0
MAT_0381,Cardboard Boxes,Cardboard,"E-commerce, Food & Beverage, Consumer Goods, Apparel",Last-mile delivery and primary e-commerce packaging,ROW,99,High,81.0,52.0,242.0,5.0,0.8,0.52,63.0,90.0,6.0,3.0,5.0,3.14,103063.0,782.0,88.0
MAT_0382,Plastic Totes & Pallets,Plastic,"Industrial Components, Heavy Machinery, Automotive Parts",Closed-loop logistics and bulk material handling,AMERICAS,85,Medium,48.0,93.0,29304.0,11.0,1.12,1.53,81.0,83.0,7.0,9.0,7.0,15.11,51095.0,966.0,93.0
MAT_0383,Cardboard Boxes,Cardboard,"E-commerce, Food & Beverage, Consumer Goods, Apparel",Last-mile delivery and primary e-commerce packaging,EU,100,High,82.0,53.0,291.0,5.0,0.73,0.52,60.0,93.0,4.0,4.0,4.0,2.81,97201.0,880.0,85.0
MAT_0384,Plastic Totes & Pallets,Plastic,"Industrial Components, Heavy Machinery, Automotive Parts",Closed-loop logistics and bulk material handling,ROW,87,Medium,47.0,97.0,33532.0,10.0,1.06,1.48,81.0,91.0,9.0,7.0,6.0,14.4,51174.0,959.0,97.0
MAT_0385,Cardboard Boxes,Cardboard,"E-commerce, Food & Beverage, Consumer Goods, Apparel",Last-mile delivery and primary e-commerce packaging,AMERICAS,97,High,76.0,51.0,332.0,6.0,0.72,0.51,60.0,86.0,5.0,3.0,3.0,2.94,102220.0,740.0,84.0
MAT_0386,Plastic Totes & Pallets,Plastic,"Industrial Components, Heavy Machinery, Automotive Parts",Closed-loop logistics and bulk material handling,EU,92,Medium,48.0,99.0,42997.0,11.0,1.22,1.5,78.0,82.0,7.0,8.0,7.0,14.94,48860.0,978.0,86.0
MAT_0387,Cardboard Boxes,Cardboard,"E-commerce, Food & Beverage, Consumer Goods, Apparel",Last-mile delivery and primary e-commerce packaging,ROW,96,High,78.0,50.0,197.0,5.0,0.85,0.48,61.0,83.0,5.0,5.0,4.0,3.87,96646.0,743.0,87.0
MAT_0388,Plastic Totes & Pallets,Plastic,"Industrial Components, Heavy Machinery, Automotive Parts",Closed-loop logistics and bulk material handling,AMERICAS,90,Medium,49.0,94.0,76964.0,10.0,1.15,1.45,83.0,82.0,7.0,7.0,6.0,14.65,49673.0,998.0,92.0
MAT_0389,Cardboard Boxes,Cardboard,"E-commerce, Food & Beverage, Consumer Goods, Apparel",Last-mile delivery and primary e-commerce packaging,EU,98,High,77.0,46.0,169.0,4.0,0.78,0.53,60.0,87.0,6.0,3.0,5.0,2.82,96624.0,825.0,90.0
MAT_0390,Plastic Totes & Pallets,Plastic,"Industrial Components, Heavy Machinery, Automotive Parts",Closed-loop logistics and bulk material handling,ROW,95,Medium,48.0,96.0,25244.0,11.0,1.14,1.41,78.0,82.0,8.0,7.0,7.0,14.41,49673.0,995.0,86.0
MAT_0391,Cardboard Boxes,Cardboard,"E-commerce, Food & Beverage, Consumer Goods, Apparel",Last-mile delivery and primary e-commerce packaging,AMERICAS,94,High,79.0,48.0,154.0,5.0,0.92,0.51,60.0,90.0,5.0,3.0,3.0,3.22,96860.0,862.0,86.0
MAT_0392,Plastic Totes & Pallets,Plastic,"Industrial Components, Heavy Machinery, Automotive Parts",Closed-loop logistics and bulk material handling,EU,90,Medium,50.0,95.0,30911.0,10.0,1.2,1.52,81.0,85.0,9.0,7.0,6.0,14.68,52156.0,1010.0,95.0
MAT_0393,Cardboard Boxes,Cardboard,"E-commerce, Food & Beverage, Consumer Goods, Apparel",Last-mile delivery and primary e-commerce packaging,ROW,100,High,78.0,47.0,157.0,5.0,0.76,0.51,61.0,90.0,5.0,4.0,4.0,2.77,100871.0,847.0,90.0
MAT_0394,Plastic Totes & Pallets,Plastic,"Industrial Components, Heavy Machinery, Automotive Parts",Closed-loop logistics and bulk material handling,AMERICAS,88,Medium,50.0,96.0,40050.0,11.0,1.13,1.53,80.0,90.0,7.0,8.0,7.0,15.25,50106.0,1088.0,96.0
MAT_0395,Cardboard Boxes,Cardboard,"E-commerce, Food & Beverage, Consumer Goods, Apparel",Last-mile delivery and primary e-commerce packaging,EU,99,High,81.0,52.0,242.0,5.0,0.79,0.51,60.0,90.0,5.0,4.0,4.0,3.14,103063.0,782.0,88.0
MAT_0396,Plastic Totes & Pallets,Plastic,"Industrial Components, Heavy Machinery, Automotive Parts",Closed-loop logistics and bulk material handling,ROW,85,Medium,48.0,93.0,29304.0,11.0,1.18,1.38,81.0,83.0,9.0,7.0,6.0,15.11,51095.0,966.0,93.0
MAT_0397,Cardboard Boxes,Cardboard,"E-commerce, Food & Beverage, Consumer Goods, Apparel",Last-mile delivery and primary e-commerce packaging,AMERICAS,100,High,82.0,53.0,291.0,5.0,0.73,0.5,60.0,93.0,5.0,4.0,4.0,2.81,97201.0,880.0,85.0
MAT_0398,Plastic Totes & Pallets,Plastic,"Industrial Components, Heavy Machinery, Automotive Parts",Closed-loop logistics and bulk material handling,EU,87,Medium,47.0,97.0,33532.0,10.0,1.15,1.52,82.0,91.0,7.0,8.0,7.0,14.4,51174.0,959.0,97.0
MAT_0399,Cardboard Boxes,Cardboard,"E-commerce, Food & Beverage, Consumer Goods, Apparel",Last-mile delivery and primary e-commerce packaging,ROW,97,High,76.0,51.0,332.0,6.0,0.79,0.53,60.0,86.0,5.0,3.0,4.0,2.94,102220.0,740.0,84.0
MAT_0400,Plastic Totes & Pallets,Plastic,"Industrial Components, Heavy Machinery, Automotive Parts",Closed-loop logistics and bulk material handling,AMERICAS,92,Medium,48.0,99.0,42997.0,11.0,1.15,1.48,78.0,82.0,7.0,7.0,6.0,14.94,48860.0,978.0,86.0
MAT_0401,Cardboard Boxes,Cardboard,"E-commerce, Food & Beverage, Consumer Goods, Apparel",Last-mile delivery and primary e-commerce packaging,EU,96,High,78.0,50.0,197.0,5.0,0.77,0.47,61.0,83.0,5.0,4.0,4.0,3.87,96646.0,743.0,87.0
MAT_0402,Plastic Totes & Pallets,Plastic,"Industrial Components, Heavy Machinery, Automotive Parts",Closed-loop logistics and bulk material handling,ROW,90,Medium,49.0,94.0,76964.0,10.0,1.19,1.46,75.0,82.0,9.0,7.0,7.0,14.65,49673.0,998.0,92.0
MAT_0403,Cardboard Boxes,Cardboard,"E-commerce, Food & Beverage, Consumer Goods, Apparel",Last-mile delivery and primary e-commerce packaging,AMERICAS,98,High,77.0,46.0,169.0,4.0,0.72,0.5,62.0,87.0,5.0,3.0,3.0,2.82,96624.0,825.0,90.0
MAT_0404,Plastic Totes & Pallets,Plastic,"Industrial Components, Heavy Machinery, Automotive Parts",Closed-loop logistics and bulk material handling,EU,95,Medium,68.0,53.0,28329.0,8.0,0.99,1.4,69.0,86.0,7.0,7.0,6.0,3.87,59942.0,901.0,88.0
